/*
 Navicat Premium Data Transfer

 Source Server         : ConnectDBXampp
 Source Server Type    : MySQL
 Source Server Version : 100432
 Source Host           : localhost:3306
 Source Schema         : datawebsite

 Target Server Type    : MySQL
 Target Server Version : 100432
 File Encoding         : 65001

 Date: 11/03/2024 19:31:33
*/

SET NAMES utf8mb4;
SET FOREIGN_KEY_CHECKS = 0;

-- ----------------------------
-- Table structure for categories
-- ----------------------------
DROP TABLE IF EXISTS `categories`;
CREATE TABLE `categories`  (
  `id` int NOT NULL AUTO_INCREMENT,
  `parent_id` int NOT NULL,
  `name` varchar(500) CHARACTER SET utf8mb4 COLLATE utf8mb4_general_ci NOT NULL,
  `displayhomepage` int NOT NULL,
  PRIMARY KEY (`id`) USING BTREE
) ENGINE = InnoDB AUTO_INCREMENT = 51 CHARACTER SET = utf8mb4 COLLATE = utf8mb4_general_ci ROW_FORMAT = Dynamic;

-- ----------------------------
-- Records of categories
-- ----------------------------
INSERT INTO `categories` VALUES (1, 0, 'Toyota', 0);
INSERT INTO `categories` VALUES (2, 1, 'Camry', 0);
INSERT INTO `categories` VALUES (3, 1, 'Tesla', 0);
INSERT INTO `categories` VALUES (4, 0, 'Bulgati', 0);
INSERT INTO `categories` VALUES (5, 4, 'KIA', 0);
INSERT INTO `categories` VALUES (7, 0, 'Nissan', 1);
INSERT INTO `categories` VALUES (8, 0, 'Ford', 0);
INSERT INTO `categories` VALUES (9, 8, 'BMW', 0);
INSERT INTO `categories` VALUES (10, 8, 'Vinfast', 0);
INSERT INTO `categories` VALUES (11, 8, 'Volkswagen', 0);
INSERT INTO `categories` VALUES (12, 7, 'Mercedes-Benz', 0);
INSERT INTO `categories` VALUES (14, 7, 'Honda', 0);
INSERT INTO `categories` VALUES (15, 7, 'Chevrolet', 0);
INSERT INTO `categories` VALUES (16, 4, 'Hyundai', 0);
INSERT INTO `categories` VALUES (17, 4, 'Audi ', 0);
INSERT INTO `categories` VALUES (18, 4, 'Land Rover', 0);
INSERT INTO `categories` VALUES (19, 1, 'Volvo ', 0);
INSERT INTO `categories` VALUES (20, 1, 'Porsche ', 0);
INSERT INTO `categories` VALUES (21, 8, 'Ferrari ', 0);
INSERT INTO `categories` VALUES (22, 8, 'Lamborghini', 0);
INSERT INTO `categories` VALUES (24, 23, 'Bugatti', 0);
INSERT INTO `categories` VALUES (25, 23, 'Mitsubishi', 0);
INSERT INTO `categories` VALUES (26, 23, 'BYD', 0);
INSERT INTO `categories` VALUES (27, 0, 'NIO', 0);
INSERT INTO `categories` VALUES (29, 27, 'Xpeng', 0);
INSERT INTO `categories` VALUES (30, 27, 'Galaxy Tab S', 0);
INSERT INTO `categories` VALUES (31, 1, 'BYD', 0);
INSERT INTO `categories` VALUES (33, 32, 'Màn Hình Thông Minh', 0);
INSERT INTO `categories` VALUES (34, 32, 'Màn Hình Độ Phân Giải Cao', 0);
INSERT INTO `categories` VALUES (35, 32, 'Màn Hình Odyssey', 0);
INSERT INTO `categories` VALUES (37, 0, 'Lexus', 1);
INSERT INTO `categories` VALUES (43, 41, 'Quạt Điều Hòa, Lọc Khí, Quạt Cơ', 0);
INSERT INTO `categories` VALUES (44, 42, 'Tivi', 0);
INSERT INTO `categories` VALUES (45, 42, 'Loa', 0);
INSERT INTO `categories` VALUES (46, 42, 'Phụ Kiện', 0);
INSERT INTO `categories` VALUES (48, 47, 'Tủ Lạnh', 0);
INSERT INTO `categories` VALUES (49, 47, 'Tủ Đông - Tủ Mát', 0);
INSERT INTO `categories` VALUES (50, 41, 'Đồ Dùng Nhà Bếp', 0);

-- ----------------------------
-- Table structure for customers
-- ----------------------------
DROP TABLE IF EXISTS `customers`;
CREATE TABLE `customers`  (
  `id` int NOT NULL AUTO_INCREMENT,
  `name` varchar(500) CHARACTER SET utf8 COLLATE utf8_general_ci NOT NULL,
  `email` varchar(500) CHARACTER SET utf8 COLLATE utf8_general_ci NOT NULL,
  `address` varchar(500) CHARACTER SET utf8 COLLATE utf8_general_ci NOT NULL,
  `phone` varchar(500) CHARACTER SET utf8 COLLATE utf8_general_ci NOT NULL,
  `password` varchar(500) CHARACTER SET utf8 COLLATE utf8_general_ci NOT NULL,
  PRIMARY KEY (`id`) USING BTREE
) ENGINE = InnoDB AUTO_INCREMENT = 23 CHARACTER SET = utf8 COLLATE = utf8_general_ci ROW_FORMAT = Dynamic;

-- ----------------------------
-- Records of customers
-- ----------------------------
INSERT INTO `customers` VALUES (19, 'user', 'user@gmail.com', 'Hà Nội', '0987654321', '25f9e794323b453885f5181f1b624d0b');
INSERT INTO `customers` VALUES (20, 'đă', 'admindadw@gmail.om', 'Viet Nam, Viet Nam, Ha Noi', '0879428091', 'fcc5c1addf92fefa9466af579fefb383');
INSERT INTO `customers` VALUES (21, 'NGUYEN MANH HUNG', 'root@gmai.com', 'Viet Nam, Viet Nam, Ha Noi', '0879428091', '25f9e794323b453885f5181f1b624d0b');
INSERT INTO `customers` VALUES (22, 'user test', 'user_test@gmail.com', '100 Test,Quan Binh Thinh, TP HCM', '0866411902', 'e10adc3949ba59abbe56e057f20f883e');

-- ----------------------------
-- Table structure for news
-- ----------------------------
DROP TABLE IF EXISTS `news`;
CREATE TABLE `news`  (
  `id` int NOT NULL AUTO_INCREMENT,
  `name` varchar(500) CHARACTER SET utf8 COLLATE utf8_general_ci NOT NULL,
  `description` varchar(4000) CHARACTER SET utf8 COLLATE utf8_general_ci NOT NULL,
  `content` text CHARACTER SET utf8 COLLATE utf8_general_ci NOT NULL,
  `hot` int NOT NULL DEFAULT 0,
  `photo` varchar(500) CHARACTER SET utf8 COLLATE utf8_general_ci NOT NULL,
  PRIMARY KEY (`id`) USING BTREE
) ENGINE = InnoDB AUTO_INCREMENT = 14 CHARACTER SET = utf8 COLLATE = utf8_general_ci ROW_FORMAT = Dynamic;

-- ----------------------------
-- Records of news
-- ----------------------------
INSERT INTO `news` VALUES (6, 'Cảm biến mực nước là gì? Có bao nhiêu loại và ứng dụng ra sao?', '<p>Trong b&agrave;i viết n&agrave;y, ch&uacute;ng ta sẽ c&ugrave;ng nhau t&igrave;m hiểu về cảm biến mực nước l&agrave; g&igrave; v&agrave; c&aacute;c loại phổ biến nhất được sử dụng tr&ecirc;n thị trường hiện nay.</p>\r\n', '<h2><strong>Cảm biến mực nước l&agrave; g&igrave;?</strong></h2>\r\n\r\n<p><a href=\"https://fptshop.com.vn/tin-tuc/danh-gia/tim-hieu-ve-cac-loai-cam-bien-muc-nuoc-pho-bien-nhat-hien-nay-136253\">Cảm biến mực nước</a>&nbsp;l&agrave; một thiết bị chuy&ecirc;n dụng để đo lường c&aacute;c loại chất lỏng như nước, nước thải, c&aacute;c chất dạng lỏng trong c&ocirc;ng nghiệp. Với c&aacute;c t&iacute;nh năng cũng như c&aacute;c th&ocirc;ng số đặc trưng th&igrave; c&aacute;c loại cảm biến n&agrave;y c&oacute; thể hoạt động kh&aacute; tốt trong nhiều m&ocirc;i trường kh&aacute;c nhau, thay thế con người trong c&ocirc;ng việc đo lường v&agrave; gi&uacute;p ch&uacute;ng ta tiết kiệm thời gian hơn.</p>\r\n\r\n<p>Một v&iacute; dụ thực tế l&agrave; khi l&ecirc;n xe, bạn thường nh&igrave;n v&agrave;o&nbsp;<a href=\"https://fptshop.com.vn/dong-ho\">đồng hồ</a>&nbsp;đo xăng để biết m&igrave;nh c&oacute; phải đổ xăng hay kh&ocirc;ng. Đ&acirc;y l&agrave; một loại cảm biến mực nước. Trong nhiều lĩnh vực của cuộc sống, một số loại cảm biến mực nước kh&aacute;c nhau sẽ được ứng dụng để thực hiện c&aacute;c mục đ&iacute;ch kh&aacute;c nhau.</p>\r\n\r\n<h2><strong>Ph&acirc;n loại cảm biến mực nước</strong></h2>\r\n\r\n<p>Cảm biến mực nước c&oacute; thể được chia th&agrave;nh hai loại:</p>\r\n\r\n<ul>\r\n	<li>Đo theo điểm</li>\r\n	<li>Đo li&ecirc;n tục</li>\r\n</ul>\r\n\r\n<p>Ph&eacute;p đo theo điểm sẽ cho biết mực nước c&oacute; mặt tại một điểm nhất định. Mặt kh&aacute;c, ph&eacute;p đo li&ecirc;n tục cho biết mức độ thay đổi li&ecirc;n tục của mực nước theo thời gian thực.</p>\r\n\r\n<p><strong><img alt=\"Cảm biến mực nước là gì?\" id=\"\" src=\"https://images.fpt.shop/unsafe/filters:quality(90)/fptshop.com.vn/uploads/images/tin-tuc/136253/Originals/cam-bien-do-muc-nuoc-01.jpg\" title=\"\" /></strong></p>\r\n\r\n<p><em>Cảm biến mực nước c&oacute; rất nhiều loại</em></p>\r\n\r\n<p>C&aacute;c cảm biến mực nước đo theo điểm gồm c&oacute; c&aacute;c loại:</p>\r\n\r\n<ul>\r\n	<li>Điện dung</li>\r\n	<li>Quang học</li>\r\n	<li>Điện trở</li>\r\n	<li>Rung</li>\r\n	<li>Phao</li>\r\n</ul>\r\n\r\n<p>C&aacute;c cảm biến mực nước đo li&ecirc;n tục c&oacute; c&aacute;c loại:</p>\r\n\r\n<ul>\r\n	<li>Si&ecirc;u &acirc;m</li>\r\n	<li>Radar</li>\r\n</ul>\r\n\r\n<p><em>Tham khảo:&nbsp;<a href=\"https://fptshop.com.vn/tin-tuc/danh-gia/ban-da-biet-gi-ve-cam-bien-nhiet-do-136058\">Cảm biến nhiệt độ l&agrave; g&igrave;? Nguy&ecirc;n l&yacute; hoạt động v&agrave; ứng dụng của cảm biến nhiệt</a></em></p>\r\n\r\n<h3><strong>1. Cảm biến mực nước đo theo điểm</strong></h3>\r\n\r\n<p><strong>1.1/ Cảm biến điện dung</strong></p>\r\n\r\n<p>Đ&acirc;y l&agrave; loại cảm biến mực nước t&iacute;ch hợp cảm biến khoảng c&aacute;ch c&oacute; khả năng ph&aacute;t ra v&ugrave;ng điện trường. Khi nước tăng hoặc giảm v&agrave; tiếp x&uacute;c v&agrave;o v&ugrave;ng điện trường, th&ocirc;ng tin sẽ được truyền về để hiển thị mức nước đ&oacute;.</p>\r\n\r\n<p><strong><img alt=\"Cảm biến mực nước điện dung\" id=\"\" src=\"https://images.fpt.shop/unsafe/filters:quality(90)/fptshop.com.vn/uploads/images/tin-tuc/136253/Originals/cam-bien-do-muc-nuoc-06.jpg\" title=\"\" /></strong></p>\r\n\r\n<p><em>Cảm biến mực nước điện dung​</em></p>\r\n\r\n<p>Loại cảm biến mực nước n&agrave;y c&oacute; rất nhiều lợi &iacute;ch như k&iacute;ch thước nhỏ, chi ph&iacute; lắp đặt rẻ v&agrave; ch&iacute;nh x&aacute;c. Tuy nhi&ecirc;n, ch&uacute;ng phải được hiệu chuẩn v&agrave; chỉ c&oacute; khả năng đo một số loại chất lỏng nhất định. Cảm biến mực nước điện dung c&oacute; thể được sử dụng trong c&aacute;c bể chứa chất lỏng.</p>\r\n\r\n<p><strong>1.2/ Cảm biến quang học</strong></p>\r\n\r\n<p>Loại cảm biến đo mực nước n&agrave;y hoạt động bằng c&aacute;ch chuyển đổi c&aacute;c tia s&aacute;ng th&agrave;nh t&iacute;n hiệu điện để đo một lượng &aacute;nh s&aacute;ng khi tiếp x&uacute;c vật l&yacute; với chất lỏng. Do đ&oacute;, ch&uacute;ng sẽ kh&ocirc;ng c&oacute; bộ phận chuyển động cũng như kh&ocirc;ng bị ảnh hưởng bởi &aacute;p suất hoặc nhiệt độ cao.</p>\r\n\r\n<p><strong>1.3/ Cảm biến điện trở</strong></p>\r\n\r\n<p>Đ&acirc;y l&agrave; loại cảm biến sử dụng một đầu d&ograve; để đọc độ dẫn điện. Đầu d&ograve; c&oacute; một cặp điện cực v&agrave; c&oacute; d&ograve;ng điện xoay chiều đi qua. Khi chất lỏng bao phủ đầu d&ograve;, c&aacute;c điện cực sẽ tạo th&agrave;nh một phần tr&ecirc;n mạch điện, tạo ra d&ograve;ng điện chạy qua b&aacute;o mức cao hoặc mức thấp. Loại cảm biến n&agrave;y sẽ kh&ocirc;ng c&oacute; bộ phận chuyển động, chi ph&iacute; thấp v&agrave; kh&aacute; dễ sử dụng.</p>\r\n\r\n<p><img alt=\"Cảm biến mực nước điện trở\" id=\"\" src=\"https://images.fpt.shop/unsafe/filters:quality(90)/fptshop.com.vn/uploads/images/tin-tuc/136253/Originals/cam-bien-do-muc-nuoc-08.jpg\" title=\"\" /></p>\r\n\r\n<p><em>Cảm biến mực nước điện trở</em></p>\r\n\r\n<p><em>Xem th&ecirc;m:&nbsp;<a href=\"https://fptshop.com.vn/tin-tuc/danh-gia/day-la-moi-thu-ban-can-biet-ve-cam-bien-chuyen-dong-135795\">Cảm biến chuyển động l&agrave; g&igrave;? C&oacute; bao nhi&ecirc;u loại v&agrave; ứng dụng ra sao?</a></em></p>\r\n\r\n<p><strong>1.4/ Cảm biến rung</strong></p>\r\n\r\n<p>Trong loại cảm biến n&agrave;y, c&aacute;c nh&agrave; sản xuất sẽ sử dụng một bộ phận h&igrave;nh nĩa với hai mũi nhọn. Nĩa sẽ dao động ở tần số cộng hưởng tự nhi&ecirc;n. Khi mức chất lỏng thay đổi, tần số của nĩa sẽ thay đổi.</p>\r\n\r\n<p>Ch&iacute;nh v&igrave; thế, cảm biến rung c&oacute; thể được sử dụng kh&ocirc;ng giới hạn trong c&aacute;c loại chất lỏng kh&aacute;c nhau. C&aacute;c ng&agrave;nh c&ocirc;ng nghiệp khai th&aacute;c, thực phẩm, đồ uống v&agrave; chế biến h&oacute;a chất thường sử dụng c&aacute;c cảm biến n&agrave;y.</p>\r\n\r\n<p><strong>1.5/ Cảm biến phao</strong></p>\r\n\r\n<p>N&oacute; sử dụng một phao nổi để n&acirc;ng l&ecirc;n hạ xuống tr&ecirc;n bề mặt chất lỏng khi mực chất lỏng thay đổi. Cảm biến loại n&agrave;y sẽ mở ra hoặc đ&oacute;ng một mạch khi phao di chuyển tới một vị tr&iacute; nhất định. Do đ&oacute;, cảm biến phao sẽ chỉ cho biết mức cao hoặc thấp m&agrave; kh&ocirc;ng thể đo mức thay đổi.</p>\r\n\r\n<p><img alt=\"Cảm biến mực nước dạng phao\" id=\"\" src=\"https://images.fpt.shop/unsafe/filters:quality(90)/fptshop.com.vn/uploads/images/tin-tuc/136253/Originals/cam-bien-do-muc-nuoc-03.jpg\" title=\"\" /></p>\r\n\r\n<p><em>Cảm biến mực nước dạng phao</em></p>\r\n\r\n<p><em>Xem th&ecirc;m:&nbsp;<a href=\"https://fptshop.com.vn/tin-tuc/danh-gia/nhung-thong-tin-thu-vi-ve-cam-bien-anh-sang-ma-ban-nen-biet-135347\">Cảm biến &aacute;nh s&aacute;ng l&agrave; g&igrave;? C&oacute; t&aacute;c dụng g&igrave; với c&aacute;c thiết bị th&ocirc;ng minh?</a></em></p>\r\n\r\n<h3><strong>2. Cảm biến mực nước đo li&ecirc;n tục</strong></h3>\r\n\r\n<p><strong>2.1/ Cảm biến si&ecirc;u &acirc;m</strong></p>\r\n\r\n<p>N&oacute; hoạt động bằng c&aacute;ch ph&aacute;t v&agrave; nhận s&oacute;ng si&ecirc;u &acirc;m. Thời gian thu t&iacute;n hiệu s&oacute;ng phản xạ trở lại l&agrave; c&aacute;ch để n&oacute; đo được mức chất lỏng thay đổi. Đ&acirc;y l&agrave; loại cảm biến kh&aacute; hiện đại n&ecirc;n ch&uacute;ng thường c&oacute; gi&aacute; th&agrave;nh cao hơn so với những loại kh&aacute;c.</p>\r\n\r\n<p><strong><img alt=\"Cảm biến mực nước siêu âm\" id=\"\" src=\"https://images.fpt.shop/unsafe/filters:quality(90)/fptshop.com.vn/uploads/images/tin-tuc/136253/Originals/cam-bien-do-muc-nuoc-05.jpg\" title=\"\" /></strong></p>\r\n\r\n<p><em>Cảm biến mực nước si&ecirc;u &acirc;m​</em></p>\r\n\r\n<p><strong>2.2/ Cảm biến radar</strong></p>\r\n\r\n<p>Loại cảm biến mực nước n&agrave;y sử dụng truyền s&oacute;ng vi ba bằng một ăng ten (t&iacute;ch hợp tr&ecirc;n cảm biến radar). Sau đ&oacute;, ăng ten lại thu s&oacute;ng phản xạ trở lại v&agrave; t&iacute;nh to&aacute;n thời gian s&oacute;ng quay trở lại để nhận biết được mực chất lỏng.</p>\r\n\r\n<p>Do đ&oacute;, cảm biến radar sẽ kh&ocirc;ng bị ảnh hưởng bởi nhiệt độ, &aacute;p suất hoặc bụi. Phạm vi ứng dụng của loại cảm biến n&agrave;y v&ocirc; c&ugrave;ng rộng lớn m&agrave; người vận h&agrave;nh lại kh&ocirc;ng phải hiệu chỉnh.</p>\r\n', 1, '1624602568_tintuc4.jpg');
INSERT INTO `news` VALUES (7, 'Công nghệ Adaptive-Sync là gì?', '<p>Adaptive-Sync hay FreeSync l&agrave; một c&ocirc;ng nghệ đồng bộ khung h&igrave;nh tương tự như G-Sync của NVIDIA, c&oacute; t&aacute;c dụng giảm thiểu c&aacute;c t&igrave;nh trạng m&agrave;n h&igrave;nh bị răng cưa hay nhiễu, lag khi chơi game cấu h&igrave;nh cao.</p>\r\n', '<p>Trong b&agrave;i n&agrave;y sẽ giới thiệu cho bạn sơ qua về c&ocirc;ng nghệ Adaptive-Sync thường thấy tr&ecirc;n c&aacute;c laptop gaming.</p>\r\n\r\n<h2><strong>C&ocirc;ng nghệ Adaptive-Sync l&agrave; g&igrave;?</strong></h2>\r\n\r\n<p>Adaptive-Sync l&agrave; một c&ocirc;ng nghệ đồng bộ giữa tốc độ l&agrave;m tươi của m&agrave;n h&igrave;nh v&agrave; tốc độ dựng của GPU do Hiệp hội c&aacute;c ti&ecirc;u chuẩn video điện tử (VESA) nghi&ecirc;n cứu v&agrave; ph&aacute;t triển. Tr&ecirc;n m&agrave;n h&igrave;nh được trang bị c&ocirc;ng nghệ Adaptive-Synce, tốc độ l&agrave;m tươi (Refresh Rate - số lần m&agrave; h&igrave;nh ảnh tr&ecirc;n m&agrave;n h&igrave;nh m&aacute;y t&iacute;nh được cập nhật trong 1 gi&acirc;y) của m&agrave;n h&igrave;nh v&agrave; tốc độ dựng h&igrave;nh (Render Rate) của GPU sẽ được đồng bộ với nhau, cho ph&eacute;p m&agrave;n h&igrave;nh tự động khớp với tốc độ kết xuất của GPU, từ đ&oacute; giảm thiểu tối đa t&igrave;nh trạng h&igrave;nh ảnh bị răng cưa ở những khung h&igrave;nh chuyển động nhanh khi chơi&nbsp;<a href=\"https://fptshop.com.vn/tin-tuc/giai-tri\">game</a>.</p>\r\n\r\n<p>Năm 2014, AMD đ&atilde; hợp t&aacute;c với VESA để ho&agrave;n thiện v&agrave; sử dụng c&ocirc;ng nghệ Adaptive-Sync th&agrave;nh một c&ocirc;ng nghệ của m&igrave;nh với t&ecirc;n gọi mới l&agrave; FreeSync. Về bản chất c&oacute; thể n&oacute;i Adaptive-Sync v&agrave; FreeSync l&agrave; như nhau. FreeSync của AMD hiện đang cạnh tranh trực tiếp với G-Sync của NVIDIA.</p>\r\n\r\n<p><img alt=\"công nghệ adaptive-sync - hình 1\" src=\"https://images.fpt.shop/unsafe/filters:quality(90)/fptshop.com.vn/uploads/images/tin-tuc/136313/Originals/ay.png\" /></p>\r\n\r\n<p>Xem th&ecirc;m:&nbsp;<a href=\"https://fptshop.com.vn/tin-tuc/thu-thuat/cong-nghe-dong-bo-hoa-amd-freesync-la-gi-131114\">C&ocirc;ng nghệ đồng bộ h&oacute;a AMD Freesync l&agrave; g&igrave;?</a></p>\r\n\r\n<h2><strong>Lợi &iacute;ch của c&ocirc;ng nghệ Adaptive-Sync</strong></h2>\r\n\r\n<p>Vấn đề cốt l&otilde;i của những m&agrave;n h&igrave;nh khi chơi game đ&oacute; l&agrave; bị hiện tượng khung ảnh bị răng cưa, lag hoặc nhiễu.</p>\r\n\r\n<p>Hiện nay c&aacute;c m&agrave;n h&igrave;nh đều chạy ở một tần số qu&eacute;t (hay c&ograve;n gọi l&agrave; tốc độ l&agrave;m tươi &ndash; refresh rate) cố định l&agrave; 60Hz, c&ograve;n tấm nền m&agrave;n h&igrave;nh LCD lại kh&ocirc;ng y&ecirc;u cầu một tần số qu&eacute;t cố định mới hoạt động được. Do đ&oacute;, khi m&agrave; tấm nền m&agrave;n h&igrave;nh cập nhật h&igrave;nh ảnh theo một tần suất cố định c&ograve;n bộ xử l&iacute; đồ họa GPU lại dựng khung h&igrave;nh l&uacute;c nhanh l&uacute;c l&acirc;u t&ugrave;y theo chất lượng h&igrave;nh ảnh, sẽ dẫn đến kết quả l&agrave; h&igrave;nh ảnh mỗi khung h&igrave;nh được dựng li&ecirc;n tục m&agrave; m&agrave;n h&igrave;nh lại hiển thị kh&ocirc;ng kịp, khiến một phần của h&igrave;nh ảnh trước chồng l&ecirc;n một phần của h&igrave;nh ảnh sau tạo n&ecirc;n h&igrave;nh ảnh răng cưa. T&igrave;nh trạng răng cưa n&agrave;y sẽ gặp c&agrave;ng đặc biệt nhiều mỗi khi c&oacute; những khung h&igrave;nh chuyển động nhanh, đem đến trải nghiệm kh&ocirc;ng liền mạch cực k&igrave; kh&oacute; chịu với c&aacute;c game thủ.</p>\r\n\r\n<p><img alt=\"công nghệ adaptive-sync - hình 2\" src=\"https://images.fpt.shop/unsafe/filters:quality(90)/fptshop.com.vn/uploads/images/tin-tuc/136313/Originals/adaptive-sync.jpg\" /></p>\r\n\r\n<p>&nbsp;</p>\r\n\r\n<p>Sau n&agrave;y, c&ocirc;ng nghệ Vsync (vertical sync) giải quyết được vấn đề n&agrave;y bằng c&aacute;ch đồng bộ GPU với tần số qu&eacute;t của m&agrave;n h&igrave;nh, &eacute;p m&agrave;n h&igrave;nh phải chờ cho tới khi GPU bắt đầu chu tr&igrave;nh l&agrave;m tươi kế tiếp th&igrave; mới hiển thị, nhằm đảm bảo hiển thị khung h&igrave;nh trọn vẹn v&agrave; loại bỏ t&igrave;nh trạng răng cưa. Tuy nhi&ecirc;n với cơ chế n&agrave;y th&igrave; GPU lại dễ rơi v&agrave;o t&igrave;nh trạng phải chờ tần số qu&eacute;t của m&agrave;n h&igrave;nh qu&aacute; l&acirc;u v&agrave; bỏ lỡ chu tr&igrave;nh l&agrave;m tươi mới, kết quả l&agrave; h&igrave;nh ảnh mới kh&ocirc;ng hiển thị kịp thời g&acirc;y ra hiện tượng h&igrave;nh ảnh bị giật, trễ v&agrave; lag.</p>\r\n\r\n<p>Adaptive-Sync (FreeSync) đ&atilde; khắc phục được hạn chế n&agrave;y của Vsync bằng c&aacute;ch cho GPU trở th&agrave;nh nguồn xử l&iacute; ch&iacute;nh, tự GPU sẽ đưa ra những tần số qu&eacute;t kh&aacute;c nhau cho ph&ugrave; hợp với tần số dựng h&igrave;nh.</p>\r\n\r\n<p><img alt=\"công nghệ adaptive-sync - hình 3\" src=\"https://images.fpt.shop/unsafe/filters:quality(90)/fptshop.com.vn/uploads/images/tin-tuc/136313/Originals/amd-adaptive-sync-800x428.jpg\" /></p>\r\n\r\n<p>C&ocirc;ng nghệ Adaptive-Sync hiện được trang bị tr&ecirc;n một số m&agrave;n h&igrave;nh m&aacute;y t&iacute;nh hay laptop gaming của ASUS như ASUS LCD ProArt PA247CV hay laptop&nbsp;<a href=\"https://fptshop.com.vn/may-tinh-xach-tay/asus-tuf-gaming\">ASUS TUF</a>&nbsp;Gaming FX516PM, gi&uacute;p người d&ugrave;ng c&oacute; được trải nghiệm mượt m&agrave; hơn khi chơi c&aacute;c game cấu h&igrave;nh cao.</p>\r\n', 1, '1624602474_tintuc2.jpg');
INSERT INTO `news` VALUES (8, 'Đánh giá chi tiết Volkswagen Viloran 2024: Thiết kế sang trọng, trang bị đẳng cấp cùng vận hành êm ái, tiết kiệm', '<h2>1. GIỚI THIỆU CHUNG &amp; ƯỚC T&Iacute;NH GI&Aacute; VOLKSWAGEN VILORAN 2024 - KHUYẾN M&Atilde;I</h2>\r\n\r\n<p>Ph&acirc;n kh&uacute;c MPV lu&ocirc;n c&oacute; chỗ đứng nhất định tại Việt Nam d&ugrave; kh&ocirc;ng nhiều sự lựa chọn như ph&acirc;n kh&uacute;c xe SUV v&agrave; CUV. B&ecirc;n cạnh sự đa dạng của ph&acirc;n kh&uacute;c phổ th&ocirc;ng với những d&ograve;ng xe b&aacute;n chạy nhất nh&igrave; thị trường, ph&acirc;n kh&uacute;c MPV cao cấp trong năm 2023 xuất hiện nhiều t&ecirc;n tuổi mới được kh&aacute;ch h&agrave;ng Việt ch&uacute; &yacute; như Hyundai Custin,&nbsp;<a href=\"https://www.danhgiaxe.com/toyota-innova\" title=\"Toyota Innova\">Toyota Innova</a>&nbsp;Cross thế hệ mới.</p>\r\n', '<p>V&agrave;&nbsp;<a href=\"https://www.danhgiaxe.com/volkswagen/\" title=\"Volkswagen\">Volkswagen</a>&nbsp;Viloran l&agrave; d&ograve;ng MPV mới nhất tham gia v&agrave;o ph&acirc;n kh&uacute;c cao cấp, hướng đến nh&oacute;m kh&aacute;ch h&agrave;ng thương gia, doanh nghiệp v&agrave; gia đ&igrave;nh nhiều thế hệ. Đ&acirc;y l&agrave; nh&oacute;m kh&aacute;ch h&agrave;ng cao cấp, vốn c&oacute; nhu cầu vượt khả năng đ&aacute;p ứng của d&ograve;ng xe MPV quốc d&acirc;n&nbsp;<a href=\"https://www.danhgiaxe.com/kia\" title=\"Kia\">Kia</a>&nbsp;Carnival, trong khi thị trường lại qu&aacute; thiếu lựa chọn.</p>\r\n\r\n<p>Volkswagen Viloran 2024 được giới thiệu trong những ng&agrave;y cuối năm 2023, như l&agrave; một m&oacute;n qu&agrave; m&agrave; h&atilde;ng xe Đức muốn gửi đến kh&aacute;ch h&agrave;ng trước dịp Tết Nguy&ecirc;n Đ&aacute;n 2024 đang đến gần. Mẫu MPV cỡ lớn của Volkswagen được nhập khẩu nguy&ecirc;n chiếc từ Trung Quốc v&agrave; ph&acirc;n phối dưới 2 phi&ecirc;n bản, đi k&egrave;m gi&aacute; ni&ecirc;m yết lần lượt:</p>\r\n\r\n<p>&bull; Volkswagen Viloran Premium: 1,989 tỷ đồng</p>\r\n\r\n<p>&bull; Volkswagen Viloran Luxury: 2,188 tỷ đồng</p>\r\n', 1, '1704514095_anhbia2.jpg');
INSERT INTO `news` VALUES (9, 'Đánh giá Kia Carnival 2024: Nâng cấp toàn diện, trải nghiệm xứng tầm', '<h2>1. TỔNG QUAN &amp; ƯỚC T&Iacute;NH GI&Aacute; - KHUYẾN M&Atilde;I KIA CARNIVAL 2024</h2>\r\n\r\n<p>C&aacute;c d&ograve;ng xe 7 chỗ dưới 2 tỷ đồng tại Việt Nam thường kh&oacute; c&oacute; khả năng chở full tải, h&agrave;ng ghế thứ 3 đa phần chỉ đ&oacute;ng vai tr&ograve; tăng t&iacute;nh thẩm mỹ v&agrave; hấp dẫn cho xe hơn l&agrave; t&iacute;nh thực tế, nhưng&nbsp;<a href=\"https://www.danhgiaxe.com/kia\" title=\"Kia\">Kia</a>&nbsp;Sedona đ&atilde; khắc phục được nhược điểm n&agrave;y. Gia nhập thị trường Việt Nam từ năm 2006,&nbsp;<a href=\"https://www.danhgiaxe.com/kia-sedona\" title=\"KIA Sedona\">KIA Sedona</a>&nbsp;định vị l&agrave; mẫu MPV cao cấp cỡ lớn d&agrave;nh cho gia đ&igrave;nh với kh&ocirc;ng gian bậc nhất đi c&ugrave;ng thiết kế sang trọng, nam t&iacute;nh.</p>\r\n', '<p>Bước sang thế hệ thứ 4, mẫu xe được đổi t&ecirc;n th&agrave;nh Carnival để đồng nhất với t&ecirc;n gọi tr&ecirc;n to&agrave;n cầu, đồng thời nhận về n&acirc;ng cấp to&agrave;n diện từ thiết kế, nội thất, trang bị đến khung gầm, động cơ... Kh&ocirc;ng c&ograve;n g&oacute;i gọn trong ph&acirc;n kh&uacute;c MPV như trước, Kia Carnival 2024 mang định hướng mới theo kiểu SUV đ&ocirc; thị, đối đầu trực tiếp với c&aacute;c đối thủ đ&aacute;ng gờm như&nbsp;<a href=\"https://www.danhgiaxe.com/hyundai-santafe\" title=\"Hyundai SantaFe\">Hyundai SantaFe</a>,&nbsp;<a href=\"https://www.danhgiaxe.com/toyota-fortuner\" title=\"Toyota Fortuner\">Toyota Fortuner</a>,&nbsp;<a href=\"https://www.danhgiaxe.com/ford-everest\" title=\"Ford Everest\">Ford Everest</a>&hellip;</p>\r\n', 1, '1704514069_anhbia3.jpg');
INSERT INTO `news` VALUES (10, 'Đánh giá Kia Sportage 2024: Nâng cấp mạnh mẽ, lột xác toàn diện', '<h2>1. GIỚI THIỆU CHUNG &amp; ƯỚC T&Iacute;NH GI&Aacute; - KHUYẾN M&Atilde;I KIA SPORTAGE 2024</h2>\r\n\r\n<p>Sau gần 6 năm vắng b&oacute;ng tr&ecirc;n thị trường Việt kể từ năm 2017 do doanh số kh&ocirc;ng khả quan, v&agrave;o ng&agrave;y 17/06/2022,&nbsp;<a href=\"https://www.danhgiaxe.com/kia\" title=\"Kia\">Kia</a>&nbsp;Sportage đ&atilde; c&oacute; m&agrave;n &quot;comeback&quot; đầy ấn tượng với diện mạo ho&agrave;n to&agrave;n &quot;lột x&aacute;c&quot;, n&acirc;ng cấp c&ocirc;ng nghệ v&agrave; mang đến 3 g&oacute;i t&ugrave;y chọn động cơ. Lần ra mắt n&agrave;y cho thấy mẫu xe H&agrave;n đ&atilde; lấy lại tự tin tham chiến ở ph&acirc;n kh&uacute;c CUV cỡ C, hứa hẹn sẽ l&agrave; đối thủ đ&aacute;ng gờm&nbsp;của&nbsp;<a href=\"https://www.danhgiaxe.com/honda-cr-v\" title=\"Honda CR-V\">Honda CR-V</a>,&nbsp;<a href=\"https://www.danhgiaxe.com/hyundai-tucson\" title=\"Hyundai Tucson\">Hyundai Tucson</a>,&nbsp;<a href=\"https://www.danhgiaxe.com/ford-territory\" title=\"Ford Territory\">Ford Territory</a>&nbsp;hay&nbsp;<a href=\"https://www.danhgiaxe.com/mazda-cx-5\" title=\"Mazda CX-5\">Mazda CX-5</a>.</p>\r\n', '<p>Kia Sportage 2024 hiện được lắp r&aacute;p trong nước với 8 phi&ecirc;n bản, gi&aacute; ni&ecirc;m yết v&agrave; khuyến m&atilde;i cụ thể của từng phi&ecirc;n bản như sau:</p>\r\n\r\n<p>&nbsp;</p>\r\n\r\n<table border=\"1\" cellpadding=\"0\" cellspacing=\"0\" dir=\"ltr\">\r\n	<tbody>\r\n		<tr>\r\n			<td><strong>Phi&ecirc;n bản</strong></td>\r\n			<td><strong>Gi&aacute; b&aacute;n lẻ</strong></td>\r\n			<td><strong>Khuyến m&atilde;i th&aacute;ng&nbsp;01-2024</strong></td>\r\n		</tr>\r\n		<tr>\r\n			<td>Sportage 2.0G Luxury</td>\r\n			<td>799,000,000</td>\r\n			<td rowspan=\"8\">Theo chương tr&igrave;nh khuyến m&atilde;i của đại l&yacute;</td>\r\n		</tr>\r\n		<tr>\r\n			<td>Sportage 2.0G Premium</td>\r\n			<td>852,000,000</td>\r\n		</tr>\r\n		<tr>\r\n			<td>Sportage 2.0G Signature X-Line</td>\r\n			<td>919,000,000</td>\r\n		</tr>\r\n		<tr>\r\n			<td>Sportage 2.0G Signature</td>\r\n			<td>939,000,000</td>\r\n		</tr>\r\n		<tr>\r\n			<td>Sportage 2.0D Signature X-Line</td>\r\n			<td>939,000,000</td>\r\n		</tr>\r\n		<tr>\r\n			<td>Sportage 2.0D Signature</td>\r\n			<td>939,000,000</td>\r\n		</tr>\r\n		<tr>\r\n			<td>Sportage 1.6T Signature AWD</td>\r\n			<td>1,014,000,000</td>\r\n		</tr>\r\n		<tr>\r\n			<td>Sportage 1.6T Signature AWD (X-Line)</td>\r\n			<td>1,019,000,000</td>\r\n		</tr>\r\n	</tbody>\r\n</table>\r\n', 1, '1657444867_3644-5256.jpg');

-- ----------------------------
-- Table structure for orderdetails
-- ----------------------------
DROP TABLE IF EXISTS `orderdetails`;
CREATE TABLE `orderdetails`  (
  `id` int NOT NULL AUTO_INCREMENT,
  `order_id` int NOT NULL,
  `product_id` int NOT NULL,
  `number` int NOT NULL,
  `price` float NOT NULL,
  PRIMARY KEY (`id`) USING BTREE
) ENGINE = InnoDB AUTO_INCREMENT = 67 CHARACTER SET = utf8 COLLATE = utf8_general_ci ROW_FORMAT = Dynamic;

-- ----------------------------
-- Records of orderdetails
-- ----------------------------
INSERT INTO `orderdetails` VALUES (46, 29, 44, 1, 4490000);
INSERT INTO `orderdetails` VALUES (47, 30, 13, 1, 1850000);
INSERT INTO `orderdetails` VALUES (48, 30, 56, 1, 26900000);
INSERT INTO `orderdetails` VALUES (49, 31, 44, 1, 4490000);
INSERT INTO `orderdetails` VALUES (50, 32, 32, 4, 44990000);
INSERT INTO `orderdetails` VALUES (51, 33, 32, 1, 44990000);
INSERT INTO `orderdetails` VALUES (52, 33, 56, 2, 26900000);
INSERT INTO `orderdetails` VALUES (53, 34, 32, 1, 44990000);
INSERT INTO `orderdetails` VALUES (54, 35, 44, 1, 4490000);
INSERT INTO `orderdetails` VALUES (55, 36, 32, 1, 44990000);
INSERT INTO `orderdetails` VALUES (56, 37, 32, 1, 44990000);
INSERT INTO `orderdetails` VALUES (57, 38, 44, 1, 4490000);
INSERT INTO `orderdetails` VALUES (58, 39, 32, 1, 44990000);
INSERT INTO `orderdetails` VALUES (59, 40, 32, 1, 44990000);
INSERT INTO `orderdetails` VALUES (60, 41, 56, 1, 26900000);
INSERT INTO `orderdetails` VALUES (61, 42, 66, 1, 10000);
INSERT INTO `orderdetails` VALUES (62, 43, 65, 1, 100000);
INSERT INTO `orderdetails` VALUES (63, 44, 66, 2, 10000);
INSERT INTO `orderdetails` VALUES (64, 45, 56, 2, 2571740000);
INSERT INTO `orderdetails` VALUES (65, 46, 56, 3, 2571740000);
INSERT INTO `orderdetails` VALUES (66, 47, 70, 1, 100000);

-- ----------------------------
-- Table structure for orders
-- ----------------------------
DROP TABLE IF EXISTS `orders`;
CREATE TABLE `orders`  (
  `id` int NOT NULL AUTO_INCREMENT,
  `customer_id` int NOT NULL,
  `create_at` date NOT NULL,
  `status` int NOT NULL DEFAULT 0,
  PRIMARY KEY (`id`) USING BTREE
) ENGINE = InnoDB AUTO_INCREMENT = 48 CHARACTER SET = utf8 COLLATE = utf8_general_ci ROW_FORMAT = Dynamic;

-- ----------------------------
-- Records of orders
-- ----------------------------
INSERT INTO `orders` VALUES (31, 19, '2024-01-01', 1);
INSERT INTO `orders` VALUES (32, 19, '2024-01-01', 0);
INSERT INTO `orders` VALUES (33, 19, '2024-01-03', 0);
INSERT INTO `orders` VALUES (34, 19, '2024-01-03', 0);
INSERT INTO `orders` VALUES (35, 19, '2024-01-03', 0);
INSERT INTO `orders` VALUES (36, 19, '2024-01-03', 0);
INSERT INTO `orders` VALUES (37, 19, '2024-01-03', 0);
INSERT INTO `orders` VALUES (38, 19, '2024-01-03', 0);
INSERT INTO `orders` VALUES (39, 19, '2024-01-03', 0);
INSERT INTO `orders` VALUES (40, 19, '2024-01-03', 0);
INSERT INTO `orders` VALUES (41, 19, '2024-01-04', 0);
INSERT INTO `orders` VALUES (42, 19, '2024-01-04', 0);
INSERT INTO `orders` VALUES (43, 19, '2024-01-04', 0);
INSERT INTO `orders` VALUES (44, 19, '2024-01-04', 0);
INSERT INTO `orders` VALUES (45, 19, '2024-01-06', 1);
INSERT INTO `orders` VALUES (46, 21, '2024-01-06', 1);
INSERT INTO `orders` VALUES (47, 21, '2024-01-07', 0);

-- ----------------------------
-- Table structure for products
-- ----------------------------
DROP TABLE IF EXISTS `products`;
CREATE TABLE `products`  (
  `id` int NOT NULL AUTO_INCREMENT,
  `name` varchar(500) CHARACTER SET utf8 COLLATE utf8_general_ci NOT NULL,
  `description` varchar(4000) CHARACTER SET utf8 COLLATE utf8_general_ci NOT NULL,
  `content` text CHARACTER SET utf8 COLLATE utf8_general_ci NOT NULL,
  `hot` int NOT NULL DEFAULT 0,
  `quantity` int NULL DEFAULT 100,
  `photo` varchar(500) CHARACTER SET utf8 COLLATE utf8_general_ci NOT NULL,
  `price` float NOT NULL,
  `discount` int NOT NULL,
  `category_id` int NOT NULL,
  `created_at` timestamp NOT NULL DEFAULT current_timestamp,
  PRIMARY KEY (`id`) USING BTREE
) ENGINE = InnoDB AUTO_INCREMENT = 88 CHARACTER SET = utf8 COLLATE = utf8_general_ci ROW_FORMAT = Dynamic;

-- ----------------------------
-- Records of products
-- ----------------------------
INSERT INTO `products` VALUES (3, 'Toyota Raize', '<h2>Ngay trong th&aacute;ng đầu ti&ecirc;n ra mắt thị trường, mặc d&ugrave; Toyota Raize chỉ b&aacute;n được 189 xe nhưng lại rơi v&agrave;o t&igrave;nh trạng khan hiếm, số lượng nhập về nước &iacute;t ỏi. Con số n&agrave;y kh&ocirc;ng phản &aacute;nh đ&uacute;ng về độ hot của&nbsp;mẫu SUV hạng A n&agrave;y bởi đ&atilde; ch&aacute;y h&agrave;ng trong đợt mở b&aacute;n đầu ti&ecirc;n.</h2>\r\n', '<p>Đ&acirc;y l&agrave; một trong những mẫu SUV c&oacute; gi&aacute; b&aacute;n hợp l&yacute;, dễ d&agrave;ng được kh&aacute;ch h&agrave;ng tiếp cận với gi&aacute; 527 triệu đồng. Đồng thời, sức mạnh thương hiệu của Toyota từ trước đến nay đều đ&atilde; được kh&aacute;ch h&agrave;ng c&ocirc;ng nhận. Hiện tại, Raize được nhập khẩu nguy&ecirc;n chiếc về Việt Nam từ Indonesia với duy nhất một phi&ecirc;n bản.</p>\r\n\r\n<p>Mẫu mini SUV của h&atilde;ng xe Nhật Bản n&agrave;y được trang bị động cơ tăng &aacute;p 1.0L, 3 xi lanh sản sinh c&ocirc;ng suất cực đại 98 m&atilde; lực tại 6.000 v&ograve;ng/ph&uacute;t, m&ocirc; men xoắn tối đa đạt được l&agrave; 140 Nm tại 4.000 v&ograve;ng/ph&uacute;t. Kết hợp với khối động cơ n&agrave;y l&agrave; hộp số tự động v&ocirc; cấp CVT c&ugrave;ng hệ dẫn động cầu trước. Đặc biệt, mẫu xe n&agrave;y c&oacute; khả năng tiết kiệm nhi&ecirc;n liệu rất hiệu quả với 5,6 l&iacute;t cho 100km đường hỗn hợp.</p>\r\n', 0, 100, '1657443092_9400.jpg', 2665870000, 6, 1, '2023-12-18 21:19:19');
INSERT INTO `products` VALUES (5, 'Audi Q8', '<h2>Q8 l&agrave; chiếc SUV lớn v&agrave; cao cấp nhất của h&atilde;ng xe Đức. Để cạnh tranh những đối thủ như BMW X6, Mercedes GLE Coupe, Audi ph&aacute;t triển Q8 như phi&ecirc;n bản coupe của chiếc Q7. Xe lần đầu ti&ecirc;n c&oacute; mặt tr&ecirc;n thị trường v&agrave;o 2018.</h2>\r\n', '<h2><strong>M&ocirc; tả / đ&aacute;nh gi&aacute; chi tiết</strong></h2>\r\n\r\n<p>Khoảng một năm sau khi ra mắt tại triển l&atilde;m Vietnam Motorshow hồi th&aacute;ng 10/2019, d&ograve;ng SUV kiểu coupe hạng sang Audi Q8 cập cảng S&agrave;i G&ograve;n. Đại diện h&atilde;ng cho biết đang chuẩn bị c&aacute;c thủ tục th&ocirc;ng quan, giao kh&aacute;ch trong những th&aacute;ng tới. Xe nhập khẩu từ Đức.</p>\r\n\r\n<p>Q8 gia nhập v&agrave;o d&ograve;ng Q nh&agrave; Audi tại Việt Nam nhưng thiết kế kh&aacute;c biệt, điểm nhấn tập trung ở lưới tản nhiệt, cụm đ&egrave;n hậu LED như một thanh ngang nối với nhau. Xe trang bị đ&egrave;n pha LED Matrix, đ&egrave;n LED ban ng&agrave;y. Nội thất l&agrave; nơi tập trung c&ocirc;ng nghệ nh&agrave; Audi, thiết kế hiện đại. Trung t&acirc;m bảng điều khiển l&agrave; hai m&agrave;n h&igrave;nh cảm ứng MMI k&iacute;ch thước lớn. Bảng đồng hồ kỹ thuật số, v&ocirc;-lăng bọc da 3 chấu, hệ thống điều h&ograve;a 4 v&ugrave;ng độc lập.</p>\r\n\r\n<p>Mẫu SUV phong c&aacute;ch coupe đến tay kh&aacute;ch h&agrave;ng thuộc phi&ecirc;n bản Q8 TFSI 55 quattro. Ngo&agrave;i những trang bị ti&ecirc;u chuẩn theo xe, kh&aacute;ch h&agrave;ng Việt Nam c&oacute; th&ecirc;m những lựa chọn d&agrave;nh ri&ecirc;ng như hiển thị th&ocirc;ng tin l&ecirc;n k&iacute;nh chắn gi&oacute;, kiểm so&aacute;t h&agrave;nh tr&igrave;nh th&iacute;ch ứng, đ&egrave;n ch&agrave;o mừng, g&oacute;i thể thao S line, da Valcona, g&oacute;i trang tr&iacute; lưới tản nhiệt v&agrave; gi&aacute; n&oacute;c, hệ thống &acirc;m thanh cao cấp Bang &amp; Olufsen 3D, cửa sổ trời to&agrave;n cảnh, v&agrave;nh hợp kim 21 inch. T&ugrave;y chọn ghế da Valcona đục lỗ với chức năng sưởi v&agrave; l&agrave;m m&aacute;t, k&egrave;m massage. Nội thất t&ugrave;y chọn 6 m&agrave;u, 8 kiểu v&agrave;nh hợp kim từ 19-22 inch.</p>\r\n', 1, 100, '1657260199_a12.jpg', 8741360000, 24, 17, '2023-12-18 21:19:19');
INSERT INTO `products` VALUES (6, 'ford everest', '<h2>Ford ra mắt Everest thế hệ mới tại Việt Nam h&ocirc;m 1/7, với&nbsp;4 phi&ecirc;n bản, 3&nbsp;t&ugrave;y chọn&nbsp;Ambiente, Sport, Titanium đều dẫn động một cầu, turbo đơn&nbsp;v&agrave; Titanium+ dẫn động 2 cầu, turbo k&eacute;p.</h2>\r\n', '<p>Hiện tr&ecirc;n trang web ch&iacute;nh thức của Ford Việt Nam đang cập nhật&nbsp;<strong>bảng gi&aacute; xe Ford</strong>&nbsp;Everest 2023 như sau:</p>\r\n\r\n<table align=\"center\" border=\"0\" cellpadding=\"1\" cellspacing=\"1\">\r\n	<tbody>\r\n		<tr>\r\n			<td colspan=\"3\">Bảng gi&aacute; Ford Everest 2023</td>\r\n		</tr>\r\n		<tr>\r\n			<td><strong>Phi&ecirc;n bản</strong></td>\r\n			<td><strong>M&agrave;u sắc</strong></td>\r\n			<td><strong>Gi&aacute; xe (tỷ đồng)</strong></td>\r\n		</tr>\r\n		<tr>\r\n			<td>Everest Wildtrak 2.0L AT 4&times;4</td>\r\n			<td>M&agrave;u đen</td>\r\n			<td>1,499</td>\r\n		</tr>\r\n		<tr>\r\n			<td>Everest Wildtrak 2.0L AT 4&times;4</td>\r\n			<td>M&agrave;u Trắng tuyết/ M&agrave;u Đỏ cam/ M&agrave;u V&agrave;ng Luxe</td>\r\n			<td>1,506</td>\r\n		</tr>\r\n		<tr>\r\n			<td>Everest Titanium+ 2.0L AT 4&times;4</td>\r\n			<td>M&agrave;u kh&aacute;c</td>\r\n			<td>1,468</td>\r\n		</tr>\r\n		<tr>\r\n			<td>Everest Titanium+ 2.0L AT 4&times;4</td>\r\n			<td>M&agrave;u Trắng tuyết / M&agrave;u Đỏ cam</td>\r\n			<td>1,475</td>\r\n		</tr>\r\n		<tr>\r\n			<td>Everest Titanium+ 2.0L AT 4&times;4</td>\r\n			<td>Nội thất da m&agrave;u hạt dẻ</td>\r\n			<td>1,475</td>\r\n		</tr>\r\n		<tr>\r\n			<td>Everest Titanium+ 2.0L AT 4&times;4</td>\r\n			<td>M&agrave;u Trắng tuyết /<br />\r\n			M&agrave;u Đỏ cam kết hợp với Nội thất da m&agrave;u hạt dẻ</td>\r\n			<td>1,482</td>\r\n		</tr>\r\n		<tr>\r\n			<td>Everest Titanium 2.0L AT 4&times;2</td>\r\n			<td>M&agrave;u kh&aacute;c</td>\r\n			<td>1,299</td>\r\n		</tr>\r\n		<tr>\r\n			<td>Everest Titanium 2.0L AT 4&times;2</td>\r\n			<td>M&agrave;u Trắng tuyết / M&agrave;u Đỏ cam</td>\r\n			<td>1,306</td>\r\n		</tr>\r\n		<tr>\r\n			<td>Everest Titanium 2.0L AT 4&times;2</td>\r\n			<td>Nội thất da m&agrave;u hạt dẻ</td>\r\n			<td>1,306</td>\r\n		</tr>\r\n		<tr>\r\n			<td>Everest Titanium 2.0L AT 4&times;2</td>\r\n			<td>M&agrave;u Trắng tuyết /<br />\r\n			M&agrave;u Đỏ cam kết hợp với Nội thất da m&agrave;u hạt dẻ</td>\r\n		</tr>\r\n	</tbody>\r\n</table>\r\n\r\n<p>&nbsp;</p>\r\n', 1, 100, '1657436791_99e61dc20bdac977de4c3cd24cc96d45-product.jpg', 6709190000, 5, 8, '2024-01-04 21:19:19');
INSERT INTO `products` VALUES (7, 'Tesla Cybertruck', '<h2>Si&ecirc;u xe b&aacute;n tải điện &ldquo;lập dị&rdquo; Tesla Cybertruck &ndash; B&aacute;n tải đến từ tương lai</h2>\r\n', '<h3><strong>Tesla Cybertruck</strong>&nbsp;l&agrave; chiếc xe &ldquo;hot&rdquo; nhất tr&ecirc;n truyền th&ocirc;ng thế giới những ng&agrave;y vừa qua. Với m&agrave;n ra mắt theo phong c&aacute;ch kh&ocirc;ng thể bất ngờ hơn, Cybertruck khiến tất cả thế giới phải nhắc đến t&ecirc;n m&igrave;nh.&nbsp;</h3>\r\n', 0, 100, '1657262428_s22 ultra.jpg', 6821870000, 23, 3, '2023-12-18 21:19:19');
INSERT INTO `products` VALUES (8, 'Toyota Vios', '<h2>Với lợi thế bền bỉ, chi ph&iacute; &ldquo;nu&ocirc;i thấp&rdquo;, giữ gi&aacute; cực tốt, t&iacute;nh thanh khoản cao,&nbsp;<a href=\"https://xetot.com/tin-xe/danh-gia-xe-toyota-vios/\" rel=\"noopener\" target=\"_blank\" title=\"Đánh giá xe Toyota Vios 2022\">Toyota Vios 2022</a>&nbsp;lu&ocirc;n mang đến sự an t&acirc;m cho chủ nh&acirc;n. Đ&oacute; l&agrave; l&yacute; do v&igrave; sao Vios b&aacute;n rất chạy tại Việt Nam đến mức được đặt biệt danh &ldquo;mẫu xe quốc d&acirc;n&rdquo;.</h2>\r\n', '<h3>Kh&ocirc;ng thể phủ nhận Vios c&ograve;n c&oacute; những điểm hạn chế hơn đối thủ, đặc biệt về mặt tiện nghi. Tuy nhi&ecirc;n, model hiện h&agrave;nh đ&atilde; được cải tiến về kiểu d&aacute;ng, bổ sung trang bị, t&iacute;nh năng nhằm cải thiện trải nghiệm người d&ugrave;ng.</h3>\r\n', 1, 100, '1657436767_samsung-galaxy-z-flip-3-1-1.jpg', 3981790000, 25, 1, '2024-01-04 21:19:19');
INSERT INTO `products` VALUES (9, 'Honda City 2021', '<h2>Hiện tại, c&aacute;c đại l&yacute; v&agrave; showroom của Honda tại Việt Nam cũng đ&atilde; bắt đầu nhận đặt xe v&agrave; dự kiến giao xe trong th&aacute;ng 1/2021, c&aacute;c bạn c&oacute; thể đến đại l&yacute; để l&agrave;m thủ tục mua xe ngay từ b&acirc;y giờ.&nbsp;</h2>\r\n', '<p>Honda City 2021 đ&atilde; c&oacute; m&agrave;n ra mắt trực tuyến tại Việt Nam. Gi&aacute; xe kh&ocirc;ng qu&aacute; cao so với thế hệ tiền nhiệm, cụ thể như sau:&nbsp;</p>\r\n\r\n<p>&nbsp;</p>\r\n\r\n<ul>\r\n	<li>Honda City 2021 bản 1.5G: 529 triệu đồng&nbsp;</li>\r\n	<li>Honda City 2021 bản 1.5L: 569 triệu đồng</li>\r\n	<li>Honda City 2021 bản 1.5RS: 599 triệu đồng</li>\r\n</ul>\r\n\r\n<p>&nbsp;</p>\r\n\r\n<p>Đối với bản RS v&agrave; bản L nếu mua m&agrave;u đỏ người mua sẽ phải trả th&ecirc;m 5 triệu đồng v&agrave; m&agrave;u đỏ chỉ xuất hiện tr&ecirc;n 2 phi&ecirc;n bản cao cấp nhất của Honda City thế hệ 5.&nbsp;</p>\r\n\r\n<p>&nbsp;</p>\r\n', 0, 100, '1657443805_vn-top-loader-wa12t5360bv-wa12t5360bv-sv-514995811.jpg', 8443350000, 27, 22, '2023-12-18 21:19:19');
INSERT INTO `products` VALUES (10, 'KIA Carnival', '<h2>KIA Carnival l&agrave; mẫu MPV cỡ lớn th&agrave;nh c&ocirc;ng ở nhiều thị trường, trong đ&oacute; c&oacute; Việt Nam ngay từ khi c&ograve;n mang t&ecirc;n Sedona (Tham khảo:&nbsp;<a href=\"https://xetot.com/toan-quoc/mua-ban-oto/kia--sedona\" rel=\"noopener\" target=\"_blank\" title=\"Xe Kia Sedona cũ\">Xe Kia Sedona cũ</a>). Kh&ocirc;ng chỉ mang đến một kh&ocirc;ng gian rộng r&atilde;i, thế hệ mới của KIA Carnival ra mắt hơn 3 năm trước đ&atilde; được chắp b&uacute;p bởi nh&agrave; thiết kế từng nhiều năm l&agrave;m việc cho BMW. Nhờ đ&oacute;, KIA Carnival đ&atilde; c&oacute; bước đột ph&aacute; về diện mại.</h2>\r\n', '<h2><strong>Th&ocirc;ng số kỹ thuật</strong></h2>\r\n\r\n<ul>\r\n	<li><strong>Ph&acirc;n kh&uacute;c: MPV cỡ lớn</strong></li>\r\n	<li><strong>Số chỗ ngồi: 4 &ndash; 7 &ndash; 9</strong></li>\r\n	<li>Chiều D&agrave;i&nbsp; x Rộng x Cao (mm):&nbsp;5.155 x 1.995 x 1.775</li>\r\n	<li>Chiều d&agrave;i cơ sở (mm): 3.090</li>\r\n	<li>Khoảng s&aacute;ng gầm (mm): 172</li>\r\n	<li>B&aacute;n k&iacute;nh v&ograve;ng quay tối thiểu (m): 5,8</li>\r\n	<li>Động cơ:</li>\r\n	<li>Hybrid 1.6L tăng &aacute;p mới</li>\r\n	<li>Diesel 2.2L</li>\r\n	<li>Xăng 3.5L V6&nbsp;</li>\r\n	<li>C&ocirc;ng suất (m&atilde; lực):\r\n	<ul>\r\n		<li>242</li>\r\n		<li>199</li>\r\n		<li>268</li>\r\n	</ul>\r\n	</li>\r\n	<li>M&ocirc; men xoắn (Nm):\r\n	<ul>\r\n		<li>367</li>\r\n		<li>440</li>\r\n		<li>331</li>\r\n	</ul>\r\n	</li>\r\n	<li>Hệ dẫn động:</li>\r\n</ul>\r\n', 0, 100, '1657443637_vn-front-loading-washer-ww10t634dles3-ww90t634dle-sv-514976699.jpg', 1271380000, 37, 5, '2024-01-04 21:19:19');
INSERT INTO `products` VALUES (11, 'Honda City 2021', '<h2><strong>Cập nhật gi&aacute; xe Honda City 2021 v&agrave; th&ocirc;ng tin xe, th&ocirc;ng số kỹ thuật, h&igrave;nh ảnh, tin khuyến m&atilde;i, ưu đ&atilde;i k&egrave;m gi&aacute; lăn b&aacute;nh Honda City mới nhất th&aacute;ng 01/2024 tại Việt Nam.</strong></h2>\r\n', '<p>Honda City 2021 đ&atilde; c&oacute; m&agrave;n ra mắt trực tuyến tại Việt Nam. Gi&aacute; xe kh&ocirc;ng qu&aacute; cao so với thế hệ tiền nhiệm, cụ thể như sau:&nbsp;</p>\r\n\r\n<p>&nbsp;</p>\r\n\r\n<ul>\r\n	<li>Honda City 2021 bản 1.5G: 529 triệu đồng&nbsp;</li>\r\n	<li>Honda City 2021 bản 1.5L: 569 triệu đồng</li>\r\n	<li>Honda City 2021 bản 1.5RS: 599 triệu đồng</li>\r\n</ul>\r\n\r\n<p>&nbsp;</p>\r\n\r\n<p>Đối với bản RS v&agrave; bản L nếu mua m&agrave;u đỏ người mua sẽ phải trả th&ecirc;m 5 triệu đồng v&agrave; m&agrave;u đỏ chỉ xuất hiện tr&ecirc;n 2 phi&ecirc;n bản cao cấp nhất của Honda City thế hệ 5.&nbsp;</p>\r\n\r\n<p>&nbsp;</p>\r\n', 1, 100, '1657442833_vn-air-purifier-ax60r5080wdsv-ax60r5080wd-sv-frontwhite-189196503.jpg', 9026830000, 35, 14, '2023-12-18 21:19:19');
INSERT INTO `products` VALUES (12, ' Ford Escape', '<h2>Nhắc đến Ford Escape, nhiều kh&aacute;ch h&agrave;ng đ&atilde; kh&ocirc;ng khỏi tiếc nuối cho một huyền thoại đ&atilde; từng &ldquo;l&agrave;m mưa l&agrave;m gi&oacute;&rdquo; tại thị trường Việt Nam. Với khả năng vận h&agrave;nh mạnh mẽ đ&aacute;ng kinh ngạc, Ford Escape từng l&agrave; sự lựa chọn h&agrave;ng đầu v&agrave;o thời điểm 13 năm trước.</h2>\r\n', '<h2><strong>Năm 2001-2004 (thời kỳ ho&agrave;ng kim của Ford Escape tại Việt Nam)</strong></h2>\r\n\r\n<p><strong>Ford Escape ra mắt lần đầu ti&ecirc;n tại thị trường Việt Nam v&agrave;o th&aacute;ng 10/2001</strong>. Đ&acirc;y cũng ch&iacute;nh l&agrave; mẫu xe đặt nền m&oacute;ng đầu ti&ecirc;n để mở ra ph&acirc;n kh&uacute;c Crossover 5 chỗ hạng C ho&agrave;n to&agrave;n mới tại nước ta.</p>\r\n\r\n<p>Ford Escape thời điểm mới ra mắt được trang bị khối động cơ V6 3.0L, hộp số c&oacute; 2 tuỳ chọn gồm số s&agrave;n 5 cấp hoặc tự động 4 cấp. Đi k&egrave;m l&agrave; tuỳ chọn dẫn động 1 hoặc 2 cầu. Nhờ cấu h&igrave;nh khủng n&agrave;y, Ford Escape c&oacute; thể sản sinh c&ocirc;ng suất tối đa 200 m&atilde; lực.&nbsp;</p>\r\n', 0, 100, '1657442646_vn-wall-mount-outdoor-ar24tyhycwkxsv-f-ar24tyhycw20-217615165.jpg', 2820010000, 17, 8, '2024-01-04 21:19:19');
INSERT INTO `products` VALUES (13, 'Hyundai Grand I10', '<h2>Tại thị trường Ấn Độ, Hyundai Grand i10 l&agrave; mẫu hatchback b&aacute;n chạy nhất với doanh số b&aacute;n hơn 10.000 xe mỗi th&aacute;ng. Để c&oacute; thể duy tr&igrave; được đ&agrave; tăng trưởng n&agrave;y, Hyundai đ&atilde; quyết định sẽ cho ra mắt&nbsp;<strong>Hyundai Grand i10 2022&nbsp;</strong>với nhiều n&acirc;ng cấp đắt gi&aacute;.&nbsp;</h2>\r\n', '<p>Hyundai cũng hy vọng rằng Grand i10 2022 c&oacute; thể tiếp tục nới rộng khoảng c&aacute;ch với c&aacute;c đối thủ&nbsp;<a href=\"https://xetot.com/toan-quoc/mua-ban-oto/suzuki--swift\" rel=\"noopener noreferrer\" target=\"_blank\" title=\"Giá xe Suzuki Swift 2020\">Suzuki Swift</a>&nbsp;v&agrave; Ford Figo trong ph&acirc;n kh&uacute;c hatchback tại thị trường Ấn Độ.<strong>&nbsp;</strong></p>\r\n\r\n<p><strong>Hyundai Grand i10&nbsp;2022&nbsp;bản NIOS c&oacute; gi&aacute; khởi điểm 9.700 USD</strong>. Hyundai Grand i10 NIOS c&oacute; 6 t&ugrave;y chọn m&agrave;u sắc ngoại thất gồm: đỏ, trắng, bạc, x&aacute;m, xanh v&agrave; xanh &aacute;nh kim.</p>\r\n', 0, 100, '1657442105_vn-stick-handy-vs15r8544s1-vs15r8544s1-sv-frontblue-216174216.jpg', 5519560000, 35, 16, '2023-12-18 21:19:19');
INSERT INTO `products` VALUES (14, 'Ford Ranger Hybrid', '<h2><em>Ford Ranger Hybrid 2024 l&agrave; phi&ecirc;n bản hybrid sạc điện PHEV của mẫu b&aacute;n tải cỡ trung Mỹ. Xe sở hữu ngoại h&igrave;nh vạm vỡ đậm chất Mỹ c&ugrave;ng tầm vận h&agrave;nh thuần điện l&ecirc;n đến 45 km.</em></h2>\r\n', '<p>Ng&agrave;y 19/09-2023, phi&ecirc;n bản Hybrid sạc điện PHEV của Ford Ranger l&agrave;&nbsp;<strong>Ranger Hybrid 2024 ch&iacute;nh thức được c&ocirc;ng bố với người ti&ecirc;u d&ugrave;ng.</strong></p>\r\n\r\n<p>Theo những th&ocirc;ng tin h&atilde;ng xe cung cấp, c&oacute; thể thấy diện mạo của Ford Ranger Hybrid 2024 kh&ocirc;ng kh&aacute;c biệt nhiều so với bản sử dụng động cơ đốt trong đang b&aacute;n tr&ecirc;n thị trường hiện nay. Xe duy tr&igrave; thiết kế mạnh mẽ, vạm vỡ đặc trưng.</p>\r\n\r\n<p>Vượt trội hơn cả trong lần xuất hiện n&agrave;y của Ford Ranger Hybrid 2024 nằm ở khả năng vận h&agrave;nh thuần điện l&ecirc;n đến 45 km.</p>\r\n\r\n<p>Cũng theo th&ocirc;ng tin được cung cấp bởi h&atilde;ng xe, Ford Ranger Hybrid 2024 sẽ được đưa v&agrave;o sản xuất từ cuối năm 2024, với đợt giao h&agrave;ng đầu ti&ecirc;n dự kiến v&agrave;o đầu năm 2025.</p>\r\n', 1, 100, '1657441919_vn-robot-vr05r5050wk-vr05r5050wk-sv-519428263.jpg', 9137800000, 39, 8, '2024-01-04 21:19:19');
INSERT INTO `products` VALUES (15, 'VinFast VF5', '<h2>Với thiết kế hiện đại, độc đ&aacute;o, được trang bị c&aacute;c c&ocirc;ng nghệ v&agrave; t&iacute;nh năng&nbsp;th&ocirc;ng minh&nbsp;vượt trội, khả năng vận h&agrave;nh mạnh mẽ, an to&agrave;n,&nbsp;VF 5&nbsp;hội tụ đầy đủ c&aacute;c yếu tố người d&ugrave;ng trẻ t&igrave;m kiếm cho một chiếc xe điện đ&ocirc; thị l&yacute; tưởng.</h2>\r\n', '<p>VF 5 sở hữu thiết kế hiện đại, trẻ trung, c&aacute; t&iacute;nh v&agrave; nổi bật với c&aacute;c lựa chọn phối m&agrave;u nội ngoại thất, đảm bảo c&aacute; nh&acirc;n h&oacute;a theo phong c&aacute;ch sống, c&aacute; t&iacute;nh v&agrave; sở th&iacute;ch của mỗi kh&aacute;ch h&agrave;ng.</p>\r\n', 0, 100, '1657439198_vn-microwaves-oven-grill-mg23t5018ck-324512-mg23t5018ce-sv-505450992.jpg', 9630290000, 25, 10, '2023-12-18 21:19:19');
INSERT INTO `products` VALUES (16, 'Toyota Camry', '<h2>Chiếc xe gắn liền với nhiều cơ quan c&ocirc;ng quyền với kh&ocirc;ng gian rộng, nhiều trang bị tiện nghị cho h&agrave;ng ghế thứ hai, doanh số mẫu n&agrave;y lu&ocirc;n ổn định mặc d&ugrave; c&oacute; giai đoạn đi xuống nhưng Camry vẫn l&agrave; mẫu xe được y&ecirc;u th&iacute;ch trong ph&acirc;n kh&uacute;c sedan cỡ D.</h2>\r\n', '<h2><strong>Bảng gi&aacute; Toyota Camry 2022</strong></h2>\r\n\r\n<p>Tại Việt Nam, Toyota Camry 2022 được ph&acirc;n ph&acirc;n phối ch&iacute;nh h&atilde;ng 4 phi&ecirc;n bản. Gi&aacute; lăn b&aacute;nh tham khảo như sau:</p>\r\n\r\n<table cellpadding=\"0\" cellspacing=\"0\">\r\n	<thead>\r\n		<tr>\r\n			<th>T&ecirc;n phi&ecirc;n bản</th>\r\n			<th>Gi&aacute; ni&ecirc;m yết</th>\r\n			<th>Lăn b&aacute;nh tại HN</th>\r\n			<th>Lăn b&aacute;nh tại TP.HCM</th>\r\n			<th>Lăn b&aacute;nh tại H&agrave; Tĩnh</th>\r\n			<th>Lăn b&aacute;nh tại c&aacute;c tỉnh kh&aacute;c</th>\r\n		</tr>\r\n	</thead>\r\n	<tbody>\r\n		<tr>\r\n			<td>2.0G</td>\r\n			<td>1 tỷ 070 triệu VNĐ</td>\r\n			<td>1.220.737.000 VNĐ</td>\r\n			<td>1.199.337.000 VNĐ</td>\r\n			<td>1.191.037.000 VNĐ</td>\r\n			<td>1.180.337.000 VNĐ</td>\r\n		</tr>\r\n		<tr>\r\n			<td>2.0Q</td>\r\n			<td>1 tỷ 185 triệu VNĐ</td>\r\n			<td>1.349.537.000 VNĐ</td>\r\n			<td>1.325.837.000 VNĐ</td>\r\n			<td>1.318.687.000 VNĐ</td>\r\n			<td>1.306.837.000 VNĐ</td>\r\n		</tr>\r\n		<tr>\r\n			<td>2.5Q</td>\r\n			<td>1 tỷ 370 triệu VNĐ</td>\r\n			<td>1.556.737.000 VNĐ</td>\r\n			<td>1.529.337.000 VNĐ</td>\r\n			<td>1.524.037.000 VNĐ</td>\r\n			<td>1.510.337.000 VNĐ</td>\r\n		</tr>\r\n		<tr>\r\n			<td>2.5HV</td>\r\n			<td>1 tỷ 460 triệu VNĐ</td>\r\n			<td>1.657.537.000 VNĐ</td>\r\n			<td>1.628.337.000 VNĐ</td>\r\n			<td>1.623.937.000 VNĐ</td>\r\n			<td>1.609.337.000 VNĐ</td>\r\n		</tr>\r\n	</tbody>\r\n</table>\r\n', 0, 100, '1657439027_vn-bespoke-mw8000r-mc35r8088le-sv-505437378.jpg', 1238050000, 25, 1, '2024-01-04 21:19:19');
INSERT INTO `products` VALUES (17, 'Land Cruiser 2022 bản 4 chỗ', '<h2><em>Land Cruiser 2022&nbsp;bản 4 chỗ nhập khẩu Trung Đ&ocirc;ng được h&atilde;ng MBS l&agrave;m lại khoang nội thất sang trọng với 4 ghế ngồi, c&ugrave;ng với đ&oacute; l&agrave; t&iacute;ch hợp nhiều tiện nghi hiện đại. So với c&aacute;c phi&ecirc;n bản Land Cruiser ti&ecirc;u chuẩn, phi&ecirc;n bản n&agrave;y kh&ocirc;ng c&oacute; kh&aacute;c biệt đ&aacute;ng ch&uacute; &yacute; về thiết kế ngoại thất.</em></h2>\r\n', '<h3><span style=\"font-size:14px\">M</span>BS l&agrave; h&atilde;ng độ nội thất nổi tiếng tr&ecirc;n thế giới, chuy&ecirc;n n&acirc;ng cấp tiện nghi ở h&agrave;ng ghế sau tr&ecirc;n c&aacute;c mẫu xe sang như&nbsp;<a href=\"https://muaxegiatot.com/xe-lexus-lx600.html\" rel=\"noopener\" target=\"_blank\" title=\"Giá xe Lexus LX600\">Lexus LX600</a>, Mercedes-Benz G-Class, V-Class v&agrave; GLS. Land Cruiser 2022 bản 4 chỗ l&agrave; một dự &aacute;n n&acirc;ng cấp mới nhất của MBS.</h3>\r\n', 0, 100, '1657437648_vn-the-premiere-lsp9t-sp-lsp9tkaxxv-414047979.jpg', 5299390000, 5, 14, '2023-12-18 21:19:19');
INSERT INTO `products` VALUES (18, 'Audi Q3', '<p>Q3 l&agrave; chiếc SUV 5 chỗ cỡ nhỏ hạng sang, nơi nhiều đối thủ như Mercedes GLA, BMW X1 tham chiến. Q3 ngo&agrave;i bản thiết kế SUV truyền thống, xe c&ograve;n c&oacute; th&ecirc;m biến thể kiểu d&aacute;ng coupe mang t&ecirc;n Q3 Sportback.&nbsp;</p>\r\n', '<h2><strong>M&ocirc; tả / đ&aacute;nh gi&aacute; chi tiết</strong></h2>\r\n\r\n<p>Mẫu SUV cỡ nhỏ hạng sang bản ch&iacute;nh h&atilde;ng về Việt Nam, thiết kế thể thao hơn, lắp động cơ 1.5, b&aacute;n ra hai phi&ecirc;n bản.</p>\r\n\r\n<p>Trung tuần th&aacute;ng 4/2020, Audi giới thiệu Q3 mới.&nbsp;Mẫu SUV cỡ nhỏ hạng sang mới thiết kế lại lưới tản nhiệt lớn hơn, kiểu khung đơn h&igrave;nh b&aacute;t gi&aacute;c ph&acirc;n chia bởi những thanh dọc cũng như hai hốc gi&oacute; hai b&ecirc;n. C&aacute;c bề mặt với những đường g&acirc;n dập nổi, tổng thể thiết kế thể thao v&agrave; mạnh mẽ hơn.</p>\r\n\r\n<p>Đ&egrave;n pha LED mảnh hướng v&agrave;o trong với định dạng chữ V. Tr&ecirc;n bản Q3 Advanced v&agrave; S line trang bị đ&egrave;n pha LED Matrix ti&ecirc;u chuẩn. Phần đu&ocirc;i tạo h&igrave;nh khối chia hai phần bởi một đường ngang. Dải đ&egrave;n hậu LED h&igrave;nh chữ L nằm, bộ khuếch t&aacute;n hầm hố, ốp trang tr&iacute; ống xả.</p>\r\n\r\n<p>So với bản cũ, Q3 mới tăng k&iacute;ch thước. Xe d&agrave;i 4.484 mm (tăng 96 mm), rộng 1.849 mm (tăng 18 mm), cao 1.585 mm (giảm 5 mm). Chiều d&agrave;i cơ sở cũng tăng th&ecirc;m 77 mm đạt 2.680 mm.</p>\r\n', 0, 100, '1657437411_vn-the-freestyle-lsp3b-sp-lsp3blaxxv-530663510.jpg', 3282790000, 7, 17, '2024-01-04 21:19:19');
INSERT INTO `products` VALUES (19, 'KIA Carnival ', '<h2><span style=\"font-size:16px\"><strong>T</strong></span>rong th&aacute;ng 02/2022, lượng&nbsp;<a href=\"https://xetot.com/toan-quoc/mua-ban-oto\" rel=\"noopener\" target=\"_blank\" title=\"xe ô tô bán ra toàn thị trường\">xe &ocirc; t&ocirc; b&aacute;n ra to&agrave;n thị trường</a>&nbsp;giảm mạnh, thứ hạng xe b&aacute;n chạy nhất th&aacute;ng cũng c&oacute; sự x&aacute;o trộn. Đ&aacute;ng ch&uacute; &yacute;, KIA Carnival lần đầu g&oacute;p mặt trong danh s&aacute;ch xe b&aacute;n chạy của th&aacute;ng.</h2>\r\n', '<h3>Mẫu SUV cỡ B Toyota Corolla Cross bất ngờ vươn l&ecirc;n dẫn đầu to&agrave;n thị trường với doanh số 1.358 xe b&aacute;n ra trong th&aacute;ng 2 vừa qua. Trước đ&oacute; v&agrave;o hồi th&aacute;ng 11 v&agrave; th&aacute;ng 12 năm 2021, mẫu xe n&agrave;y từng được đứng ở vị tr&iacute; thứ 3 trong Top 10 xe b&aacute;n chạy nhất th&aacute;ng. C&oacute; thể thấy, Corolla Cross đang dần dần trở th&agrave;nh &ldquo;con g&agrave; đẻ trứng v&agrave;ng&rdquo; của h&atilde;ng xe Nhật Bản, thay thế cho &ldquo;người anh em&rdquo; Toyota Vios. Hiện xe đang c&oacute; gi&aacute; b&aacute;n từ 720-910 triệu đồng.</h3>\r\n', 0, 100, '1657433062_vn-soundbar-hw-s61b-hw-s61b-xv-531573869.jpg', 9515770000, 0, 5, '2023-12-18 21:19:19');
INSERT INTO `products` VALUES (20, 'Honda Brio', '<h2>Honda Brio l&agrave; mẫu Hatchback đ&ocirc; thị cỡ nhỏ xuất hiện lần đầu v&agrave;o năm 2010 v&agrave; được thương hiệu Nhật Bản định vị hướng v&agrave;o nh&oacute;m kh&aacute;ch h&agrave;ng phổ th&ocirc;ng của những thị trường mới nổi như Th&aacute;i Lan, Ấn Độ.&nbsp;</h2>\r\n', '<p>Honda Brio xuất hiện với một vẻ ngo&agrave;i trẻ trung, bắt mắt. Tuy tr&ocirc;ng to lớn hơn đ&ocirc;i ch&uacute;t so với đối thủ mạnh nhất ph&acirc;n kh&uacute;c n&agrave;y l&agrave; Hyundai Grand I10 nhưng Brio lại thua k&eacute;m về chiều d&agrave;i trục cơ sở.&nbsp;</p>\r\n', 0, 100, '1657432829_vn-q-series-soundbar-hw-q700b-hw-q700b-xv-531574180.jpg', 8730500000, 5, 14, '2024-01-04 21:19:19');
INSERT INTO `products` VALUES (21, ' bộ đôi Peugeot 3008 va 5008', '<h2>Mới đ&acirc;y, nh&agrave; ph&acirc;n phối Thaco Trường Hải đ&atilde; ch&iacute;nh thức ra mắt thị trường Việt 2 phi&ecirc;n bản gi&aacute; rẻ mới của bộ đ&ocirc;i SUV 5 chỗ v&agrave; 7 chỗ của h&atilde;ng xe Ph&aacute;p l&agrave;<strong>&nbsp;Peugeot 3008 Active v&agrave; Peugeot 5008 Active</strong>&nbsp;được cắt giảm nhiều option để đem đến mức gi&aacute; giảm 50-150 triệu đồng, ph&acirc;n phối song song với c&aacute;c bản &ldquo;full option&rdquo; trước đ&acirc;y l&agrave; Peugeot 3008 (1.149 tỷ đồng) v&agrave; Peugeot 5008 (1.349 tỷ đồng).</h2>\r\n', '<p>Bước đi mới n&agrave;y nhằm bổ sung th&ecirc;m sự lựa chọn, gi&uacute;p kh&aacute;ch h&agrave;ng Việt dễ d&agrave;ng tiếp cận được những sản phẩm cao cấp của h&atilde;ng với gi&aacute; cả hợp l&yacute; m&agrave; vẫn giữ được những gi&aacute; trị tinh t&uacute;y nhất của của Peugeot to&agrave;n cầu.</p>\r\n\r\n<p>Tại Việt Nam, mẫu SUV 7 chỗ Peugeot 5008 Active được xếp &ldquo;chung m&acirc;m&rdquo; với Toyota Fortuner, Ford Everest, Hyundai SantaFe; trong khi đ&oacute;, Peugeot 3008 Active 2022 nằm c&ugrave;ng ph&acirc;n kh&uacute;c SUV 5 chỗ ngồi như Mazda CX-5, Honda CR-V, Nissan X-Trail v&agrave; Tucson.</p>\r\n', 0, 100, '1657432344_vn-serif-tv-ls01t-qa55ls01takxxv-frontwhite-221737538.jpg', 5105170000, 35, 17, '2023-12-18 21:19:19');
INSERT INTO `products` VALUES (22, 'Ford Everest Ambiente', '<p>Ford ra mắt Everest thế hệ mới tại Việt Nam h&ocirc;m 1/7, với&nbsp;4 phi&ecirc;n bản, 3&nbsp;t&ugrave;y chọn&nbsp;Ambiente, Sport, Titanium đều dẫn động một cầu, turbo đơn&nbsp;v&agrave; Titanium+ dẫn động 2 cầu, turbo k&eacute;p.</p>\r\n\r\n<h2><strong>Xe</strong>&nbsp;<strong>Ford Everest​&nbsp;2023&nbsp;gi&aacute; bao nhi&ecirc;u?</strong></h2>\r\n', '<p>Hiện tr&ecirc;n trang web ch&iacute;nh thức của Ford Việt Nam đang cập nhật&nbsp;<strong>bảng gi&aacute; xe Ford</strong>&nbsp;Everest 2023 như sau:</p>\r\n\r\n<table align=\"center\" border=\"0\" cellpadding=\"1\" cellspacing=\"1\">\r\n	<tbody>\r\n		<tr>\r\n			<td colspan=\"3\">Bảng gi&aacute; Ford Everest 2023</td>\r\n		</tr>\r\n		<tr>\r\n			<td><strong>Phi&ecirc;n bản</strong></td>\r\n			<td><strong>M&agrave;u sắc</strong></td>\r\n			<td><strong>Gi&aacute; xe (tỷ đồng)</strong></td>\r\n		</tr>\r\n		<tr>\r\n			<td>Everest Wildtrak 2.0L AT 4&times;4</td>\r\n			<td>M&agrave;u đen</td>\r\n			<td>1,499</td>\r\n		</tr>\r\n		<tr>\r\n			<td>Everest Wildtrak 2.0L AT 4&times;4</td>\r\n			<td>M&agrave;u Trắng tuyết/ M&agrave;u Đỏ cam/ M&agrave;u V&agrave;ng Luxe</td>\r\n			<td>1,506</td>\r\n		</tr>\r\n		<tr>\r\n			<td>Everest Titanium+ 2.0L AT 4&times;4</td>\r\n			<td>M&agrave;u kh&aacute;c</td>\r\n			<td>1,468</td>\r\n		</tr>\r\n		<tr>\r\n			<td>Everest Titanium+ 2.0L AT 4&times;4</td>\r\n			<td>M&agrave;u Trắng tuyết / M&agrave;u Đỏ cam</td>\r\n			<td>1,475</td>\r\n		</tr>\r\n		<tr>\r\n			<td>Everest Titanium+ 2.0L AT 4&times;4</td>\r\n			<td>Nội thất da m&agrave;u hạt dẻ</td>\r\n			<td>1,475</td>\r\n		</tr>\r\n		<tr>\r\n			<td>Everest Titanium+ 2.0L AT 4&times;4</td>\r\n			<td>M&agrave;u Trắng tuyết /<br />\r\n			M&agrave;u Đỏ cam kết hợp với Nội thất da m&agrave;u hạt dẻ</td>\r\n			<td>1,482</td>\r\n		</tr>\r\n		<tr>\r\n			<td>Everest Titanium 2.0L AT 4&times;2</td>\r\n			<td>M&agrave;u kh&aacute;c</td>\r\n			<td>1,299</td>\r\n		</tr>\r\n	</tbody>\r\n</table>\r\n', 0, 100, '1657419885_vn-the-frame-qa75ls03bakxxv-front-black-531139141.jpg', 8334370000, 5, 8, '2024-01-04 21:19:19');
INSERT INTO `products` VALUES (23, 'Volkswagen T Cross', '<h2>Ng&agrave;y 17/3 vừa qua, Volkswagen Việt Nam đưa ra th&ocirc;ng b&aacute;o nhận&nbsp;<strong>đặt h&agrave;ng mẫu xe Volkswagen T-Cross 2022 qua h&igrave;nh thức showroom online</strong>. Đến thời điểm hiện tại, gi&aacute; b&aacute;n vẫn chưa được lộ. Được biết, xe sẽ ra mắt v&agrave;o th&aacute;ng 4/2022 trước khi giao đến kh&aacute;ch h&agrave;ng trong th&aacute;ng 5 v&agrave; th&aacute;ng 6 năm 2022. Như vậy T-Cross 2022 trở th&agrave;nh&nbsp;<a href=\"https://muaxegiatot.com/gia-xe-suv-co-b.html\" rel=\"noopener\" target=\"_blank\" title=\"mẫu SUV hạng B\">mẫu SUV hạng B</a>&nbsp;đầu ti&ecirc;n của Volkswagen tại thị trường Việt Nam.</h2>\r\n', '<h3>V&igrave; thế, ngay sau khi được ra mắt đến nay, mẫu SUV cỡ B n&agrave;y đ&atilde; được ph&acirc;n phối tại nhiều thị trường kh&aacute;c nhau tr&ecirc;n thế giới, bao gồm cả Đ&ocirc;ng Nam &Aacute; như Indonesia, Singapore, Philippines. V&agrave; trong th&aacute;ng 4 sắp tới sẽ được ra mắt tại Việt Nam.</h3>\r\n\r\n<p>&nbsp;</p>\r\n', 0, 100, '1657418600_vn-qled-qn85b-qa65qn85bakxxv-530992953.jpg', 6856330000, 7, 11, '2023-12-18 21:19:19');
INSERT INTO `products` VALUES (24, 'Hyundai Ioniq 5', '<h2>Ng&agrave;y 31/7/2023, Hyundai Th&agrave;nh C&ocirc;ng ch&iacute;nh thức ph&acirc;n phối Ioniq 5 - d&ograve;ng &ocirc;t&ocirc; điện đầu ti&ecirc;n của h&atilde;ng ở Việt Nam. Hyundai Ioniq 5 lắp r&aacute;p tại Việt Nam. Hyundai định vị Ioniq 5 cạnh tranh với VinFast VF 8.</h2>\r\n', '<h2><strong>M&ocirc; tả / đ&aacute;nh gi&aacute; chi tiết</strong></h2>\r\n\r\n<p>Hơn một năm đưa về thăm d&ograve; thị trường,&nbsp;<a href=\"https://vnexpress.net/oto-xe-may/v-car/hang-xe/hyundai-9\" rel=\"dofollow\">Hyundai</a>&nbsp;Th&agrave;nh C&ocirc;ng ch&iacute;nh thức ph&acirc;n phối Ioniq 5. D&ograve;ng &ocirc;t&ocirc; điện đầu ti&ecirc;n của Hyundai lắp r&aacute;p tại Việt Nam với 2 phi&ecirc;n bản, gồm Exclusive gi&aacute; 1,3 tỷ v&agrave; Prestige gi&aacute; 1,45 tỷ đồng.&nbsp;Hyundai Ioniq 5 2023&nbsp;nằm c&ugrave;ng cỡ với&nbsp;<a href=\"https://vnexpress.net/oto-xe-may/v-car/dong-xe/vinfast-vf-8-208\" rel=\"dofollow\">VinFast VF 8</a>. Mẫu xe điện thương hiệu Việt c&oacute; 2 phi&ecirc;n bản, gồm Eco gi&aacute; 1,094 tỷ v&agrave; Plus gi&aacute; 1,263 tỷ đồng chưa pin. Nếu c&oacute; pin, gi&aacute; xe VF 8 l&agrave; 1,29 tỷ v&agrave; 1,47 tỷ. Như vậy, gi&aacute; của Ioniq 5 v&agrave; VF 8 l&agrave; tương đương nhau.</p>\r\n', 0, 100, '1657418255_vn-qled-qn700b-qa65qn700bkxxv-531504242.jpg', 8778530000, 5, 16, '2024-01-04 21:19:19');
INSERT INTO `products` VALUES (25, 'Line-Up SUV', '<h2>Thu h&uacute;t mọi &aacute;nh nh&igrave;n bằng một thiết kế hiện đại, thể thao, Kia Sonet sở hữu lưới tản nhiệt mũi hổ đặc trưng c&ugrave;ng với đ&egrave;n LED Heart Beat đặc trưng của h&atilde;ng xe H&agrave;n Quốc.</h2>\r\n', '<p>Nội thất Kia Sonet được đầu tư chỉn chu với t&aacute;p-l&ocirc; kiểu đối xứng, trang tr&iacute; ốp nhựa v&agrave; giả da, v&ocirc;-lăng v&aacute;t đ&aacute;y thể thao c&ugrave;ng cụm đồng hồ kỹ thuật số. Xe sở hữu c&aacute;c tiện nghi hấp dẫn như m&agrave;n h&igrave;nh giải tr&iacute; 8 inch, điều h&ograve;a tự động, d&agrave;n &acirc;m thanh 6 loa, cửa sổ trời.</p>\r\n\r\n<p>Dưới nắp capo Kia Sonet l&agrave; động cơ xăng Smartstream 1.5L, sản sinh 113 m&atilde; lực v&agrave; 144 Nm, kết hợp với hộp số v&ocirc; cấp. Xe hỗ trợ 3 chế độ l&aacute;i v&agrave; 3 chế độ địa h&igrave;nh kh&aacute;c nhau.&nbsp;</p>\r\n\r\n<p>Điểm đặc biệt nữa của mẫu SUV đ&ocirc; thị cỡ nhỏ nh&agrave; Kia l&agrave; thiết kế khoảng s&aacute;ng gầm xe cao đến 205 mm &ndash; cực kỳ năng động tr&ecirc;n c&aacute;c địa h&igrave;nh phức tạp của đ&ocirc; thị Việt Nam.&nbsp;</p>\r\n\r\n<p>Kia Sonet đang được ph&acirc;n phối tại Việt Nam theo h&igrave;nh thức lắp r&aacute;p trong nước, bao gồm 4 phi&ecirc;n bản c&oacute;&nbsp;<a href=\"https://muaxegiatot.com/gia-xe-kia.html\" rel=\"noopener\" target=\"_blank\" title=\"giá bán xe KIA\">gi&aacute; b&aacute;n xe KIA</a>&nbsp;n&agrave;y từ 499 &ndash; 624 triệu đồng.&nbsp;</p>\r\n', 0, 100, '1657271332_active2nhom.jpg', 3823660000, 5, 5, '2023-12-18 21:19:19');
INSERT INTO `products` VALUES (26, 'Hyundai Tucson', '<p>Mẫu Tucson thế hệ mới xe giữ nguy&ecirc;n 4 phi&ecirc;n bản, th&ecirc;m t&ugrave;y chọn 4 b&aacute;nh v&agrave; th&ecirc;m g&oacute;i t&iacute;nh năng an to&agrave;n chủ động.</p>\r\n\r\n<p>&nbsp;</p>\r\n', '<h2><strong>M&ocirc; tả / đ&aacute;nh gi&aacute; chi tiết</strong></h2>\r\n\r\n<p>Cuối th&aacute;ng 12/2021, TC Motor tung ra thị trường mẫu Hyundai Tucson 2022 với h&agrave;ng loạt thay đổi ở thiết kế v&agrave; n&acirc;ng cấp t&iacute;nh năng, c&ocirc;ng nghệ cũng như khả năng vận h&agrave;nh. Trong ph&acirc;n kh&uacute;c&nbsp;<a href=\"https://vnexpress.net/oto-xe-may/v-car/phan-khuc/phan-khuc-c-4#crossover\" rel=\"dofollow\">crossover cỡ C</a>, Hyundai Tucson đứng thứ hai về doanh số, sau&nbsp;<a href=\"https://vnexpress.net/oto-xe-may/v-car/dong-xe/mazda-cx-5-100\" rel=\"dofollow\">Mazda CX-5</a>&nbsp;v&agrave; xếp tr&ecirc;n c&aacute;c đối thủ như&nbsp;<a href=\"https://vnexpress.net/oto-xe-may/v-car/dong-xe/honda-cr-v-44\" rel=\"dofollow\">Honda CR-V</a>,&nbsp;<a href=\"https://vnexpress.net/oto-xe-may/v-car/dong-xe/mitsubishi-outlander-122\" rel=\"dofollow\">Mitsubishi Outlander</a>,&nbsp;<a href=\"https://vnexpress.net/oto-xe-may/v-car/dong-xe/kia-sportage-206\" rel=\"dofollow\">Kia Sportage</a>,&nbsp;<a href=\"https://vnexpress.net/oto-xe-may/v-car/dong-xe/peugeot-3008-128\" rel=\"dofollow\">Peugeot 3008</a>.</p>\r\n\r\n<p>Mẫu crossover n&agrave;y vẫn c&oacute; bốn lựa chọn phi&ecirc;n bản như thế hệ trước, với c&aacute;c lựa chọn động cơ xăng v&agrave; dầu c&ugrave;ng t&ugrave;y chọn 7 m&agrave;u sắc.</p>\r\n', 0, 100, '1657274325_watchlte44.jpg', 1782710000, 15, 16, '2024-01-04 21:19:19');
INSERT INTO `products` VALUES (27, 'Hyundai Stargazer', '<h2>Stargazer l&agrave; chiếc MPV cỡ nhỏ m&agrave; Hyundai Th&agrave;nh C&ocirc;ng b&aacute;n ra để cạnh tranh c&aacute;c đối thủ Mitsubishi Xpander, Toyota Veloz, Suzuki Ertiga...</h2>\r\n', '<h2><strong>Bảng gi&aacute; Hyundai Stargazer 2022</strong></h2>\r\n\r\n<p>Tại Việt Nam, Hyundai Stargazer 2022 được ph&acirc;n ph&acirc;n phối ch&iacute;nh h&atilde;ng 4 phi&ecirc;n bản. Gi&aacute; lăn b&aacute;nh tham khảo như sau:</p>\r\n\r\n<table cellpadding=\"0\" cellspacing=\"0\">\r\n	<thead>\r\n		<tr>\r\n			<th>T&ecirc;n phi&ecirc;n bản</th>\r\n			<th>Gi&aacute; ni&ecirc;m yết</th>\r\n			<th>Lăn b&aacute;nh tại HN</th>\r\n			<th>Lăn b&aacute;nh tại TP.HCM</th>\r\n			<th>Lăn b&aacute;nh tại H&agrave; Tĩnh</th>\r\n			<th>Lăn b&aacute;nh tại c&aacute;c tỉnh kh&aacute;c</th>\r\n		</tr>\r\n	</thead>\r\n	<tbody>\r\n		<tr>\r\n			<td>1.5 Ti&ecirc;u chuẩn</td>\r\n			<td>575 triệu VNĐ</td>\r\n			<td>666.694.000 VNĐ</td>\r\n			<td>655.194.000 VNĐ</td>\r\n			<td>641.944.000 VNĐ</td>\r\n			<td>636.194.000 VNĐ</td>\r\n		</tr>\r\n		<tr>\r\n			<td>1.5 Đặc biệt</td>\r\n			<td>625 triệu VNĐ</td>\r\n			<td>722.694.000 VNĐ</td>\r\n			<td>710.194.000 VNĐ</td>\r\n			<td>697.444.000 VNĐ</td>\r\n			<td>691.194.000 VNĐ</td>\r\n		</tr>\r\n		<tr>\r\n			<td>1.5 Cao cấp</td>\r\n			<td>675 triệu VNĐ</td>\r\n			<td>778.694.000 VNĐ</td>\r\n			<td>765.194.000 VNĐ</td>\r\n			<td>752.944.000 VNĐ</td>\r\n			<td>746.194.000 VNĐ</td>\r\n		</tr>\r\n		<tr>\r\n			<td>1.5 Cao cấp 6 chỗ</td>\r\n			<td>685 triệu VNĐ</td>\r\n			<td>789.894.000 VNĐ</td>\r\n			<td>776.194.000 VNĐ</td>\r\n			<td>764.044.0</td>\r\n		</tr>\r\n	</tbody>\r\n</table>\r\n', 0, 100, '1657273893_watch4.jpg', 6442560000, 15, 16, '2023-12-18 21:19:19');
INSERT INTO `products` VALUES (28, 'Hyundai Palisade', '<h2>Mẫu xe gầm cao cỡ E lần đầu ra mắt thị trường Việt Nam, lắp r&aacute;p trong nước, b&aacute;n ra 4 phi&ecirc;n bản, lắp một động cơ dầu 2.2.</h2>\r\n', '<h2><strong>M&ocirc; tả / đ&aacute;nh gi&aacute; chi tiết</strong></h2>\r\n\r\n<p>Hyundai ra mắt Palisade cho thị trường Việt Nam ng&agrave;y 15/9. Palisade l&agrave; mẫu SUV 3 h&agrave;ng ghế lớn v&agrave; đắt nhất của&nbsp;<a href=\"https://vnexpress.net/oto-xe-may/v-car/hang-xe/hyundai-9\" rel=\"dofollow\">Hyundai</a>, cạnh tranh với những đối thủ đ&aacute;ng gờm như&nbsp;<a href=\"https://vnexpress.net/oto-xe-may/v-car/dong-xe/ford-explorer-202\" rel=\"dofollow\">Ford&nbsp;Explorer</a>,&nbsp;<a href=\"https://vnexpress.net/oto-xe-may/v-car/dong-xe/volkswagen-teramont-191\" rel=\"dofollow\">Volkswagen Teramont</a>. Palisade bổ sung th&ecirc;m d&ograve;ng sản phẩm xe gầm cao của Hyundai, b&ecirc;n cạnh Santa Fe, Tucson.</p>\r\n\r\n<p>Ngoại h&igrave;nh Palisade hầm hố, xe d&agrave;i 4.995 mm, rộng 1.975 mm, cao 1.785 mm v&agrave; chiều d&agrave;i cơ sở 2.900 mm. Khoảng s&aacute;ng gầm 203 mm. Lưới tản nhiệt k&iacute;ch thước lớn, tạo h&igrave;nh th&aacute;c nước, đ&egrave;n pha LED, đ&egrave;n ban ng&agrave;y LED đặc trưng bao quanh lưới tản nhiệt, tạo th&agrave;nh khối liền mạch. V&agrave;nh 18 hoặc 20 inch t&ugrave;y phi&ecirc;n bản. Cản trước tạo h&igrave;nh kh&iacute; động học. Nắp ca-p&ocirc; tạo h&igrave;nh với đường g&acirc;n nổi. Trụ C thiết kế tr&agrave;n viền giấu cột trụ. Cụm đ&egrave;n hậu LED to bản chạy dọc, cản sau k&iacute;ch thước lớn, ống xả k&eacute;p thể thao.</p>\r\n\r\n<p>&nbsp;</p>\r\n', 0, 100, '1657270948_active2.jpg', 7364690000, 5, 16, '2024-01-04 21:19:19');
INSERT INTO `products` VALUES (30, 'Hyundai Venue', '<p>Venue thuộc ph&acirc;n kh&uacute;c A, mẫu xe c&ograve;n thiếu trong dải sản phẩm crossover/SUV của Hyundai, b&ecirc;n cạnh những Creta (cỡ B), Tucson (cỡ C), Santa Fe (cỡ D), Palisade (cỡ E).</p>\r\n\r\n<p>Tại thị trường Việt Nam, t&acirc;n binh Venue cạnh tranh với đối thủ Kia Sonet v&agrave; Toyota Raize. Mẫu xe gầm cao cỡ A của Hyundai chia sẻ nền tảng khung gầm với Kia Sonet. Venue cũng l&agrave; sản phẩm to&agrave;n cầu của h&atilde;ng xe H&agrave;n Quốc.</p>\r\n', '<h2><strong>Th&ocirc;ng số kỹ thuật cơ bản</strong></h2>\r\n\r\n<ul>\r\n	<li>\r\n	<p><strong>Động cơ</strong></p>\r\n\r\n	<p>I3 Kappa 1.0 Turbo GDI</p>\r\n	</li>\r\n	<li>\r\n	<p><strong>C&ocirc;ng suất (m&atilde; lực)</strong></p>\r\n\r\n	<p>120/6.000</p>\r\n	</li>\r\n	<li>\r\n	<p><strong>M&ocirc;-men xoắn (Nm)</strong></p>\r\n\r\n	<p>172/1.500-4.000</p>\r\n	</li>\r\n</ul>\r\n\r\n<ul>\r\n	<li>\r\n	<p><strong>Hộp số</strong></p>\r\n\r\n	<p>7DCT, DCT 7 cấp</p>\r\n	</li>\r\n	<li>\r\n	<p><strong>Hệ dẫn động</strong></p>\r\n\r\n	<p>FWD</p>\r\n	</li>\r\n	<li>\r\n	<p><strong>Số chỗ</strong></p>\r\n\r\n	<p>5</p>\r\n	</li>\r\n</ul>\r\n', 0, 100, '1657270308_fit2.jpg', 7495750000, 30, 16, '2024-01-04 21:19:19');
INSERT INTO `products` VALUES (32, 'MG5', '<h2><em>MG 5 2023 l&agrave; c&aacute;i t&ecirc;n mới nhất của thương hiệu MG tại thị trường Việt Nam, ch&iacute;nh thức gia nhập từ th&aacute;ng 2 năm 2023. Hiện mẫu sedan hạng C n&agrave;y đang được mở b&aacute;n với 2 phi&ecirc;n bản.&nbsp;</em></h2>\r\n\r\n<p>&nbsp;</p>\r\n', '<h3><strong>Giới thiệu chung</strong></h3>\r\n\r\n<p>Thế hệ đầu ti&ecirc;n của MG 5 ra mắt v&agrave;o th&aacute;ng 3 năm 2012 do MG Motor ph&aacute;t triển, doanh nghiệp n&agrave;y hiện do SAIC, tập đo&agrave;n Trung Quốc nắm quản l&yacute;. Theo đ&oacute; tại Trung Quốc, MG 5 được mở b&aacute;n với biến thể hatchback. Trong khi, ở một số thị trường kh&aacute;c ph&acirc;n phối biến thể sedan với t&ecirc;n gọi l&agrave; MG GT.&nbsp;</p>\r\n\r\n<p><strong>Thế hệ thứ 2 của MG 5&nbsp;</strong>tiếp tục được&nbsp;<a href=\"https://tapchicongthuong.vn/bai-viet/mg5-2021-moi-lo-dien-truoc-khi-ra-mat-chinh-thuc-75316.htm\" rel=\"noopener\" target=\"_blank\">ra mắt tại Triển l&atilde;m &ocirc; t&ocirc; Bắc Kinh 2020</a>. Sau đ&oacute;, MG 5 bắt đầu tiếp cận thị trường Đ&ocirc;ng Nam &Aacute;, mở đầu l&agrave; tại Th&aacute;i Lan.&nbsp;</p>\r\n', 1, 100, '1657436740_samsung-galaxy-z-fold3-5g-xanh-reu-2.jpg', 5384670000, 20, 21, '2024-01-04 21:19:19');
INSERT INTO `products` VALUES (33, 'Audi Q6 e-tron', '<h2>Đối với những gia đ&igrave;nh cần một chiếc xe rộng r&atilde;i, di chuyển &ecirc;m &aacute;i, nhẹ nh&agrave;ng v&agrave; theo xu hướng tương lai th&igrave;&nbsp;<strong>xe điện Audi Q6 e-tron 2024</strong>&nbsp;l&agrave; lựa chọn tuyệt vời thời điểm n&agrave;y. Kh&ocirc;ng chỉ đ&aacute;p ứng những nhu cầu tr&ecirc;n, Audi Q6 e-tron c&ograve;n sở hữu thiết kế khiến nhiều người &ldquo;m&ecirc; mẩn&rdquo;.</h2>\r\n', '<table border=\"2\" cellpadding=\"2\" cellspacing=\"2\">\r\n	<thead>\r\n		<tr>\r\n			<td colspan=\"1\" rowspan=\"1\">\r\n			<p>Số chỗ ngồi</p>\r\n			</td>\r\n			<td colspan=\"1\" rowspan=\"1\">\r\n			<p>5</p>\r\n			</td>\r\n		</tr>\r\n		<tr>\r\n			<td colspan=\"1\" rowspan=\"1\">\r\n			<p>Chiều D&agrave;i x Rộng x Cao (mm)</p>\r\n			</td>\r\n			<td colspan=\"1\" rowspan=\"1\">\r\n			<p>4.962 x 1.964 x 1.667</p>\r\n			</td>\r\n		</tr>\r\n		<tr>\r\n			<td colspan=\"1\" rowspan=\"1\">\r\n			<p>Chiều d&agrave;i cơ sở (mm)</p>\r\n			</td>\r\n			<td colspan=\"1\" rowspan=\"1\">\r\n			<p>2960</p>\r\n			</td>\r\n		</tr>\r\n		<tr>\r\n			<td colspan=\"1\" rowspan=\"1\">\r\n			<p>Động cơ</p>\r\n			</td>\r\n			<td colspan=\"1\" rowspan=\"1\">\r\n			<ul>\r\n				<li>2 động cơ điện</li>\r\n			</ul>\r\n			</td>\r\n		</tr>\r\n		<tr>\r\n			<td colspan=\"1\" rowspan=\"1\">\r\n			<p>C&ocirc;ng suất (m&atilde; lực)</p>\r\n			</td>\r\n			<td colspan=\"1\" rowspan=\"1\">\r\n			<ul>\r\n				<li>375 hoặc 396</li>\r\n				<li>483 hoặc 510</li>\r\n			</ul>\r\n			</td>\r\n		</tr>\r\n	</thead>\r\n	<tbody>\r\n		<tr>\r\n			<td colspan=\"1\" rowspan=\"1\">\r\n			<p>M&ocirc; men xoắn (Nm)</p>\r\n\r\n			<p><ins><iframe frameborder=\"0\" height=\"0\" id=\"aswift_3\" name=\"aswift_3\" scrolling=\"no\" src=\"https://googleads.g.doubleclick.net/pagead/ads?client=ca-pub-3655642957264955&amp;output=html&amp;h=250&amp;slotname=3659613648&amp;adk=2098039687&amp;adf=3338857826&amp;pi=t.ma~as.3659613648&amp;w=300&amp;fwrn=4&amp;lmt=1704509981&amp;rafmt=11&amp;format=300x250&amp;url=https%3A%2F%2Fxetot.com%2Ftin-xe%2Fdanh-gia-xe-audi-q6-e-tron%2F&amp;ea=0&amp;wgl=1&amp;uach=WyJXaW5kb3dzIiwiMTAuMC4wIiwieDg2IiwiIiwiMTIwLjAuNjA5OS4xMzEiLG51bGwsMCxudWxsLCI2NCIsW1siTm90X0EgQnJhbmQiLCI4LjAuMC4wIl0sWyJDaHJvbWl1bSIsIjEyMC4wLjYwOTkuMTMxIl0sWyJHb29nbGUgQ2hyb21lIiwiMTIwLjAuNjA5OS4xMzEiXV0sMF0.&amp;dt=1704509977072&amp;bpp=2&amp;bdt=1308&amp;idt=189&amp;shv=r20240103&amp;mjsv=m202401020101&amp;ptt=9&amp;saldr=aa&amp;abxe=1&amp;cookie=ID%3D8ecfa8f7fc6fbb05%3AT%3D1704508704%3ART%3D1704509864%3AS%3DALNI_MZu59AfG7SEhZsiqUrJLfZ2QcyMpA&amp;gpic=UID%3D00000cd241fe4406%3AT%3D1704508704%3ART%3D1704509864%3AS%3DALNI_MaUE0k2KD2JwSFxXXfa0vCWZTCOTg&amp;prev_fmts=0x0%2C728x280%2C300x1032&amp;nras=1&amp;correlator=4442336072511&amp;frm=20&amp;pv=1&amp;ga_vid=667453784.1704509977&amp;ga_sid=1704509977&amp;ga_hid=326654973&amp;ga_fc=0&amp;rplot=4&amp;u_tz=420&amp;u_his=1&amp;u_h=864&amp;u_w=1536&amp;u_ah=824&amp;u_aw=1536&amp;u_cd=24&amp;u_sd=1.25&amp;dmc=8&amp;adx=259&amp;ady=3659&amp;biw=1519&amp;bih=738&amp;scr_x=0&amp;scr_y=718&amp;eid=44759875%2C44759926%2C31080114%2C95320893%2C95321626%2C31078663%2C31078665%2C31078668%2C31078670&amp;oid=2&amp;pvsid=2269810442761852&amp;tmod=440930262&amp;uas=3&amp;nvt=1&amp;ref=https%3A%2F%2Fxetot.com%2Ftin-xe%2Ftin-tuc%2Fpage%2F2%2F&amp;fc=1920&amp;brdim=0%2C0%2C0%2C0%2C1536%2C0%2C1536%2C824%2C1536%2C738&amp;vis=1&amp;rsz=%7Co%7CeoEbr%7C&amp;abl=NS&amp;pfx=0&amp;fu=128&amp;bc=31&amp;td=1&amp;psd=W251bGwsbnVsbCxudWxsLDNd&amp;nt=1&amp;ifi=4&amp;uci=a!4&amp;btvi=3&amp;fsb=1&amp;dtd=4629\" width=\"300\"></iframe></ins></p>\r\n			</td>\r\n			<td colspan=\"1\" rowspan=\"1\">\r\n			<p>Đang cập nhật</p>\r\n			</td>\r\n		</tr>\r\n		<tr>\r\n			<td colspan=\"1\" rowspan=\"1\">\r\n			<p>Hệ dẫn động</p>\r\n			</td>\r\n			<td colspan=\"1\" rowspan=\"1\">\r\n			<p>Quatro</p>\r\n			</td>\r\n		</tr>\r\n		<tr>\r\n			<td colspan=\"1\" rowspan=\"1\">\r\n			<p>Dung lượng pin</p>\r\n			</td>\r\n			<td colspan=\"1\" rowspan=\"1\">\r\n			<p>100 kWh</p>\r\n			</td>\r\n		</tr>\r\n		<tr>\r\n			<td colspan=\"1\" rowspan=\"1\">\r\n			<p>Khả năng tăng tốc 0-96 Km/h</p>\r\n			</td>\r\n			<td colspan=\"1\" rowspan=\"1\">\r\n			<p>&lt; 4,4 gi&acirc;y</p>\r\n			</td>\r\n		</tr>\r\n		<tr>\r\n			<td colspan=\"1\" rowspan=\"1\">\r\n			<p>Phạm vi di chuyển (km)</p>\r\n			</td>\r\n			<td colspan=\"1\" rowspan=\"1\">\r\n			<p>600</p>\r\n			</td>\r\n		</tr>\r\n		<tr>\r\n			<td colspan=\"1\" rowspan=\"1\">\r\n			<p>M&acirc;m xe</p>\r\n			</td>\r\n			<td colspan=\"1\" rowspan=\"1\">\r\n			<p>21 inch</p>\r\n			</td>\r\n		</tr>\r\n	</tbody>\r\n</table>\r\n', 0, 100, '1657258744_a13.jpg', 3936110000, 26, 9, '2023-12-18 21:19:19');
INSERT INTO `products` VALUES (34, 'VinFast VF9', '<h2><a href=\"https://xetot.com/tin-xe/danh-gia-xe-vinfast-vf-9/\" rel=\"noopener\" target=\"_blank\" title=\"Giá xe VinFast VF9 2024\"><strong>VinFast VF9</strong></a>&nbsp;l&agrave; mẫu xe chạy điện của h&atilde;ng xe Việt được giới thiệu c&ocirc;ng ch&uacute;ng c&aacute;ch đ&acirc;y kh&ocirc;ng l&acirc;u. Kh&aacute;ch h&agrave;ng chỉ mới được chi&ecirc;m ngưỡng h&igrave;nh ảnh của xe tại buổi ra mắt hoặc c&aacute;c h&igrave;nh ảnh demo. Hiện tại, hoạt động thử nghiệm xe VinFast VF9 vẫn đang diễn ra lặng lẽ, rất &iacute;t khi thấy được c&aacute;c h&igrave;nh ảnh thực tế của mẫu xe n&agrave;y.</h2>\r\n', '<p>VinFast VF9 bản Eco c&oacute; qu&atilde;ng đường tối đa đi được l&agrave; 485 km, bản Plus l&agrave; 680 km. K&iacute;ch thước tổng thể chiều d&agrave;i x chiều rộng x chiều cao lần lượt l&agrave; 5.120 x 2.000 x 1.721 (mm). Với k&iacute;ch thước n&agrave;y, VF9 được xếp v&agrave;o ph&acirc;n kh&uacute;c SUV full-size, tương tự như Lexus LX 600,&nbsp;<a href=\"https://xetot.com/tin-xe/danh-gia-xe-bmw-x7/\" rel=\"noopener\" target=\"_blank\" title=\"Giá xe BMW X7\">BMW X7</a>, Mercedes-Benz GLS,&hellip;</p>\r\n\r\n<p>VinFast VF9 được trang bị hai động cơ điện, sản sinh c&ocirc;ng suất cực đại 402 m&atilde; lực v&agrave; momen xoắn 640 Nm. C&ugrave;ng với hai động cơ điện n&agrave;y l&agrave; hệ dẫn động bốn b&aacute;nh to&agrave;n thời gian. Ngo&agrave;i ra, VF9 c&oacute; thể tăng tốc từ 0 &ndash; 100 km/h trong 6,5 gi&acirc;y.</p>\r\n', 0, 100, '1657261899_s22.jpg', 3026560000, 28, 10, '2024-01-04 21:19:19');
INSERT INTO `products` VALUES (35, 'Lexus LS', '<h2>Mẫu sedan hạng sang cỡ lớn của Lexus cạnh tranh với S-class nhưng giống như GX gi&aacute; cao, trang bị kh&ocirc;ng tương xứng khiến LS kh&aacute; k&eacute;n người mua v&agrave; cũng &iacute;t bắt gặp tr&ecirc;n đường.</h2>\r\n', '<h2><strong>Bảng gi&aacute; Lexus LS 2021</strong></h2>\r\n\r\n<p>Tại Việt Nam, Lexus LS 2021 được ph&acirc;n ph&acirc;n phối ch&iacute;nh h&atilde;ng 2 phi&ecirc;n bản. Gi&aacute; lăn b&aacute;nh tham khảo như sau:</p>\r\n\r\n<table cellpadding=\"0\" cellspacing=\"0\">\r\n	<thead>\r\n		<tr>\r\n			<th>T&ecirc;n phi&ecirc;n bản</th>\r\n			<th>Gi&aacute; ni&ecirc;m yết</th>\r\n			<th>Lăn b&aacute;nh tại HN</th>\r\n			<th>Lăn b&aacute;nh tại TP.HCM</th>\r\n			<th>Lăn b&aacute;nh tại H&agrave; Tĩnh</th>\r\n			<th>Lăn b&aacute;nh tại c&aacute;c tỉnh kh&aacute;c</th>\r\n		</tr>\r\n	</thead>\r\n	<tbody>\r\n		<tr>\r\n			<td>LS500</td>\r\n			<td>7 tỷ 650 triệu VNĐ</td>\r\n			<td>8.590.337.000 VNĐ</td>\r\n			<td>8.437.337.000 VNĐ</td>\r\n			<td>8.494.837.000 VNĐ</td>\r\n			<td>8.418.337.000 VNĐ</td>\r\n		</tr>\r\n		<tr>\r\n			<td>LS500h</td>\r\n			<td>8 tỷ 360 triệu VNĐ</td>\r\n			<td>9.385.537.000 VNĐ</td>\r\n			<td>9.218.337.000 VNĐ</td>\r\n			<td>9.282.9</td>\r\n		</tr>\r\n	</tbody>\r\n</table>\r\n\r\n<p>&nbsp;</p>\r\n', 0, 100, '1657436716_glass-samsung-galaxy-note-20-1.jpg', 2824450000, 5, 1, '2023-12-18 21:19:19');
INSERT INTO `products` VALUES (36, 'Ford Everest 2023', '<h2>Đầu th&aacute;ng 3 vừa qua,&nbsp;Ford Everest 2023 đ&atilde; ra mắt to&agrave;n cầu với sự thay đổi to&agrave;n diện về thiết kế v&agrave; nhận được sự quan t&acirc;m lớn của người d&ugrave;ng. Đặc biệt, Th&aacute;i Lan đ&atilde; l&agrave; thị trường Đ&ocirc;ng Nam &Aacute; đầu ti&ecirc;n đ&oacute;n nhận&nbsp;<a href=\"https://giaxehoi.vn/gia-xe-everest-hang-ford\" rel=\"noopener\" target=\"_blank\" title=\"Ford Everest 2023 All New\">Ford Everest 2023 All New</a>&nbsp;tại Triển l&atilde;m &Ocirc;t&ocirc; Bangkok 2022 v&agrave; Việt Nam dự kiến l&agrave; thị trường tiếp theo.</h2>\r\n', '<h3>Th&ocirc;ng tin n&agrave;y c&agrave;ng c&oacute; cơ sở hơn khi nhiều tư vấn b&aacute;n h&agrave;ng của đại l&yacute; Ford tiết lộ Everest v&agrave; Ranger thế hệ mới sẽ ra mắt Việt Nam v&agrave;o cuối năm 2022. Trong đ&oacute;, Ford Everest 2023 c&oacute; thể sẽ được ra mắt trước, việc b&agrave;n giao xe sẽ diễn ra trong qu&yacute; III/2022. Hiện tại, nhiều đại l&yacute; th&ocirc;ng b&aacute;o đ&atilde; nhận đặt cọc chiếc SUV n&agrave;y.</h3>\r\n', 0, 100, '1657436862_ce593674025f851b260a3de7facac8cb.jpg', 4542560000, 35, 8, '2024-01-04 21:19:19');
INSERT INTO `products` VALUES (37, 'Honda Civic Type R', '<h2>Honda Civic Type R l&agrave; mẫu xe b&aacute;n ế nhất thị trường th&aacute;ng 11/2023 chỉ vỏn vẹn 1 chiếc. Tuy nhi&ecirc;n kh&aacute;c với c&aacute;c mẫu xe b&aacute;n ế kh&aacute;c, Civic Type R kh&ocirc;ng phải l&agrave; mẫu xe c&oacute; tiền l&agrave; c&oacute; thể mua được.</h2>\r\n', '<h3>Lượng đặt h&agrave;ng thực tế theo Honda cho biết kh&aacute; lớn nhưng số lượng sản xuất rất hạn chế do đ&acirc;y l&agrave; phi&ecirc;n bản hiệu suất cao đặc biệt. T&iacute;nh đến thời điểm hiện tại chỉ mới c&oacute; 19 chiếc Civic Type R được b&agrave;n giao đến tay kh&aacute;ch h&agrave;ng.&nbsp;</h3>\r\n', 0, 100, '1657261034_a23.jpg', 4239470000, 21, 14, '2023-12-18 21:19:19');
INSERT INTO `products` VALUES (38, 'Honda City', '<h2>Honda City<strong>&nbsp;</strong>ra mắt thị trường &ocirc; t&ocirc; Việt Nam v&agrave;o năm 2013 v&agrave; nhanh ch&oacute;ng trở th&agrave;nh đối thủ đ&aacute;ng gờm của loạt mẫu xe thuộc ph&acirc;n kh&uacute;c hạng B thời điểm đ&oacute;.&nbsp;Đến nay, đ&acirc;y vẫn l&agrave; một trong những sản phẩm &quot;trụ cột&quot; của Honda tr&ecirc;n dải đất h&igrave;nh chữ S.</h2>\r\n', '<p>ước v&agrave;o cuộc chiến gi&agrave;nh thị phần v&ocirc; c&ugrave;ng gay gắt với loạt c&aacute;i t&ecirc;n mạnh như&nbsp;Toyota Vios, Hyundai Accent ... Honda City 2023&nbsp;vẫn c&oacute; chỗ đứng ri&ecirc;ng của m&igrave;nh nhờ sở hữu&nbsp;ngoại thất trẻ trung, tr&agrave;n ngập&nbsp;c&ocirc;ng nghệ cũng như&nbsp;tiện nghi vượt trội.</p>\r\n\r\n<h3><img alt=\"Ngoại thất xe Honda City.\" src=\"https://img1.oto.com.vn/2023/07/04/OpzfnMD2/dnb07139-5764.jpg\" title=\"Ngoại thất xe Honda City\" /></h3>\r\n\r\n<p><em><strong><a href=\"https://oto.com.vn/bang-gia-xe-o-to-honda-city-moi-nhat\" title=\"Giá xe Honda City mới nhất\">Gi&aacute; xe Honda City mới nhất</a></strong>&nbsp;th&aacute;ng 1/2024:&nbsp;<strong>Từ 559 triệu đồng</strong></em></p>\r\n\r\n<p>Honda City&nbsp;m&ocirc; h&igrave;nh n&acirc;ng cấp giữa v&ograve;ng đời được cập nhật v&agrave;o ng&agrave;y 4/7/2023 với 3 phi&ecirc;n bản. Theo đ&oacute;,&nbsp;gi&aacute; xe Honda City ni&ecirc;m yết từ 559 triệu đồng đến 609 triệu đồng. Cụ thể:</p>\r\n', 0, 100, '1657261350_a33.jpg', 7069660000, 27, 14, '2024-01-04 21:19:19');
INSERT INTO `products` VALUES (39, 'Hyundai Tucson', '<h2>Mẫu Tucson thế hệ mới xe giữ nguy&ecirc;n 4 phi&ecirc;n bản, th&ecirc;m t&ugrave;y chọn 4 b&aacute;nh v&agrave; th&ecirc;m g&oacute;i t&iacute;nh năng an to&agrave;n chủ động.</h2>\r\n', '<h2><strong>M&ocirc; tả / đ&aacute;nh gi&aacute; chi tiết</strong></h2>\r\n\r\n<p>Cuối th&aacute;ng 12/2021, TC Motor tung ra thị trường mẫu Hyundai Tucson 2022 với h&agrave;ng loạt thay đổi ở thiết kế v&agrave; n&acirc;ng cấp t&iacute;nh năng, c&ocirc;ng nghệ cũng như khả năng vận h&agrave;nh. Trong ph&acirc;n kh&uacute;c&nbsp;<a href=\"https://vnexpress.net/oto-xe-may/v-car/phan-khuc/phan-khuc-c-4#crossover\" rel=\"dofollow\">crossover cỡ C</a>, Hyundai Tucson đứng thứ hai về doanh số, sau&nbsp;<a href=\"https://vnexpress.net/oto-xe-may/v-car/dong-xe/mazda-cx-5-100\" rel=\"dofollow\">Mazda CX-5</a>&nbsp;v&agrave; xếp tr&ecirc;n c&aacute;c đối thủ như&nbsp;<a href=\"https://vnexpress.net/oto-xe-may/v-car/dong-xe/honda-cr-v-44\" rel=\"dofollow\">Honda CR-V</a>,&nbsp;<a href=\"https://vnexpress.net/oto-xe-may/v-car/dong-xe/mitsubishi-outlander-122\" rel=\"dofollow\">Mitsubishi Outlander</a>,&nbsp;<a href=\"https://vnexpress.net/oto-xe-may/v-car/dong-xe/kia-sportage-206\" rel=\"dofollow\">Kia Sportage</a>,&nbsp;<a href=\"https://vnexpress.net/oto-xe-may/v-car/dong-xe/peugeot-3008-128\" rel=\"dofollow\">Peugeot 3008</a>.</p>\r\n\r\n<p>Mẫu crossover n&agrave;y vẫn c&oacute; bốn lựa chọn phi&ecirc;n bản như thế hệ trước, với c&aacute;c lựa chọn động cơ xăng v&agrave; dầu c&ugrave;ng t&ugrave;y chọn 7 m&agrave;u sắc.</p>\r\n\r\n<p>&nbsp;</p>\r\n', 0, 100, '1657263859_s21 ultra 5g.jpg', 3129880000, 5, 16, '2023-12-18 21:19:19');
INSERT INTO `products` VALUES (40, 'LEXUS RX 350 PREMIUM ', '<h2><strong><a href=\"https://xelexus.net.vn/lexus-rx350-premium.html\">Lexus RX 350 Premium</a></strong>&nbsp;l&agrave; chiếc xe SUV 5 chỗ hạng sang cỡ vừa của Lexus,&nbsp;<strong>RX 350 Premium</strong>&nbsp;l&agrave; chiếc xe b&aacute;n chạy nhất của Lexus tại Việt Nam hiện nay. Phi&ecirc;n bản Lexus RX 350 Premium 2024 thu h&uacute;t sự ch&uacute; &yacute; nhờ thiết kế tinh tế, nội thất đẳng cấp v&agrave; được trang bị nhiều c&ocirc;ng nghệ an to&agrave;n ti&ecirc;n tiến v&agrave; đặc biệt RX 350 Premium c&oacute; một mức gi&aacute; v&ocirc; c&ugrave;ng hợp l&yacute;.</h2>\r\n', '<p>Gi&aacute; lăn b&aacute;nh xe Lexus RX 350 Premium tạm t&iacute;nh ở tr&ecirc;n đ&atilde; bao gồm c&aacute;c khoản ph&iacute; bắt buộc như:</p>\r\n\r\n<ul>\r\n	<li>Lệ ph&iacute; trước bạ: H&agrave; Nội (12%), TP.HCM (10%), c&aacute;c tỉnh th&agrave;nh kh&aacute;c (10% - 12%)</li>\r\n	<li>Lệ ph&iacute; biển số: Tại H&agrave; Nội &amp; TP.HCM (20 triệu), c&aacute;c tỉnh th&agrave;nh (1 - 3 triệu)</li>\r\n	<li>Lệ ph&iacute; đăng kiểm: 50 ngh&igrave;n</li>\r\n	<li>Lệ ph&iacute; đường bộ: 130.000 ngh&igrave;n/ th&aacute;ng (c&aacute; nh&acirc;n đứng t&ecirc;n) / 180.000 ngh&igrave;n/ th&aacute;ng (c&ocirc;ng ty đứng t&ecirc;n)</li>\r\n	<li>Bảo hiểm d&acirc;n sự: 480 ngh&igrave;n.</li>\r\n</ul>\r\n\r\n<p>&nbsp;</p>\r\n', 0, 100, '1657436652_vn-galaxy-watch4-classic-sm-r880nzsaxxv-481128047.jpg', 3440420000, 23, 37, '2024-01-04 21:19:19');
INSERT INTO `products` VALUES (41, 'Audi Q4 e-tron', '<h2><em>Audi Q4 e-tron l&agrave; phi&ecirc;n bản thuần điện của chiếc SUV cỡ nhỏ đến từ Đức với d&aacute;ng vẻ thời thượng, phạm vi di chuyển ấn tượng c&ugrave;ng động cơ mạnh mẽ.</em></h2>\r\n', '<h2>Th&ocirc;ng số kỹ thuật Audi Q4 e-tron 2024</h2>\r\n\r\n<table border=\"2\" cellpadding=\"2\" cellspacing=\"2\">\r\n	<thead>\r\n		<tr>\r\n			<td colspan=\"1\" rowspan=\"1\">\r\n			<p>Th&ocirc;ng số</p>\r\n			</td>\r\n			<td colspan=\"1\" rowspan=\"1\">\r\n			<p>Audi Q4 e-tron 2024</p>\r\n\r\n			<p><ins><iframe frameborder=\"0\" height=\"1032\" id=\"aswift_2\" name=\"aswift_2\" scrolling=\"no\" src=\"https://googleads.g.doubleclick.net/pagead/ads?client=ca-pub-3655642957264955&amp;output=html&amp;h=1032&amp;slotname=6931087979&amp;adk=2497371967&amp;adf=1244232135&amp;pi=t.ma~as.6931087979&amp;w=300&amp;cr_col=1&amp;cr_row=13&amp;fwrn=2&amp;lmt=1704509925&amp;rafmt=9&amp;format=300x1032&amp;url=https%3A%2F%2Fxetot.com%2Ftin-xe%2Fdanh-gia-audi-q4-e-tron%2F&amp;ea=0&amp;crui=image_sidebyside&amp;fwr=0&amp;wgl=1&amp;uach=WyJXaW5kb3dzIiwiMTAuMC4wIiwieDg2IiwiIiwiMTIwLjAuNjA5OS4xMzEiLG51bGwsMCxudWxsLCI2NCIsW1siTm90X0EgQnJhbmQiLCI4LjAuMC4wIl0sWyJDaHJvbWl1bSIsIjEyMC4wLjYwOTkuMTMxIl0sWyJHb29nbGUgQ2hyb21lIiwiMTIwLjAuNjA5OS4xMzEiXV0sMF0.&amp;dt=1704509925406&amp;bpp=2&amp;bdt=1244&amp;idt=159&amp;shv=r20240103&amp;mjsv=m202401020101&amp;ptt=9&amp;saldr=aa&amp;abxe=1&amp;cookie=ID%3D8ecfa8f7fc6fbb05%3AT%3D1704508704%3ART%3D1704509864%3AS%3DALNI_MZu59AfG7SEhZsiqUrJLfZ2QcyMpA&amp;gpic=UID%3D00000cd241fe4406%3AT%3D1704508704%3ART%3D1704509864%3AS%3DALNI_MaUE0k2KD2JwSFxXXfa0vCWZTCOTg&amp;prev_fmts=0x0%2C728x280&amp;nras=1&amp;correlator=6013046467742&amp;frm=20&amp;pv=1&amp;ga_vid=691521116.1704509925&amp;ga_sid=1704509925&amp;ga_hid=276460489&amp;ga_fc=0&amp;u_tz=420&amp;u_his=1&amp;u_h=864&amp;u_w=1536&amp;u_ah=824&amp;u_aw=1536&amp;u_cd=24&amp;u_sd=1.25&amp;dmc=8&amp;adx=577&amp;ady=2640&amp;biw=1519&amp;bih=738&amp;scr_x=0&amp;scr_y=0&amp;eid=44759875%2C44759926%2C31080114%2C95320893%2C95321626%2C31078663%2C31078665%2C31078668%2C31078670&amp;oid=2&amp;pvsid=2034038100318479&amp;tmod=440930262&amp;uas=0&amp;nvt=1&amp;ref=https%3A%2F%2Fxetot.com%2Ftin-xe%2Ftin-tuc%2Fpage%2F2%2F&amp;fc=1920&amp;brdim=0%2C0%2C0%2C0%2C1536%2C0%2C1536%2C824%2C1536%2C738&amp;vis=1&amp;rsz=%7C%7CeoEbr%7C&amp;abl=CS&amp;pfx=0&amp;fu=128&amp;bc=31&amp;td=1&amp;psd=W251bGwsbnVsbCxudWxsLDNd&amp;nt=1&amp;ifi=3&amp;uci=a!3&amp;btvi=2&amp;fsb=1&amp;dtd=164\" width=\"300\"></iframe></ins></p>\r\n			</td>\r\n		</tr>\r\n		<tr>\r\n			<td colspan=\"1\" rowspan=\"1\">\r\n			<p>Ph&acirc;n kh&uacute;c</p>\r\n			</td>\r\n			<td colspan=\"1\" rowspan=\"1\">\r\n			<p>SUV hạng sang cỡ nhỏ</p>\r\n			</td>\r\n		</tr>\r\n		<tr>\r\n			<td colspan=\"1\" rowspan=\"1\">\r\n			<p>Số chỗ ngồi</p>\r\n			</td>\r\n			<td colspan=\"1\" rowspan=\"1\">\r\n			<p>5</p>\r\n			</td>\r\n		</tr>\r\n		<tr>\r\n			<td colspan=\"1\" rowspan=\"1\">\r\n			<p>Chiều D&agrave;i &nbsp;x Rộng x Cao (mm)</p>\r\n			</td>\r\n			<td colspan=\"1\" rowspan=\"1\">\r\n			<p>4.588&times;1. 865&times;1.632</p>\r\n			</td>\r\n		</tr>\r\n		<tr>\r\n			<td colspan=\"1\" rowspan=\"1\">\r\n			<p>Chiều d&agrave;i cơ sở (mm)</p>\r\n			</td>\r\n			<td colspan=\"1\" rowspan=\"1\">\r\n			<p>2.760</p>\r\n			</td>\r\n		</tr>\r\n		<tr>\r\n			<td colspan=\"1\" rowspan=\"1\">\r\n			<p>Động cơ</p>\r\n			</td>\r\n			<td colspan=\"1\" rowspan=\"1\">\r\n			<p>2 động cơ điện</p>\r\n\r\n			<p><ins><iframe frameborder=\"0\" height=\"250\" id=\"aswift_3\" name=\"aswift_3\" scrolling=\"no\" src=\"https://googleads.g.doubleclick.net/pagead/ads?client=ca-pub-3655642957264955&amp;output=html&amp;h=250&amp;slotname=3659613648&amp;adk=337673662&amp;adf=2457759399&amp;pi=t.ma~as.3659613648&amp;w=300&amp;fwrn=4&amp;lmt=1704509935&amp;rafmt=11&amp;format=300x250&amp;url=https%3A%2F%2Fxetot.com%2Ftin-xe%2Fdanh-gia-audi-q4-e-tron%2F&amp;ea=0&amp;wgl=1&amp;uach=WyJXaW5kb3dzIiwiMTAuMC4wIiwieDg2IiwiIiwiMTIwLjAuNjA5OS4xMzEiLG51bGwsMCxudWxsLCI2NCIsW1siTm90X0EgQnJhbmQiLCI4LjAuMC4wIl0sWyJDaHJvbWl1bSIsIjEyMC4wLjYwOTkuMTMxIl0sWyJHb29nbGUgQ2hyb21lIiwiMTIwLjAuNjA5OS4xMzEiXV0sMF0.&amp;dt=1704509925408&amp;bpp=2&amp;bdt=1246&amp;idt=166&amp;shv=r20240103&amp;mjsv=m202401020101&amp;ptt=9&amp;saldr=aa&amp;abxe=1&amp;cookie=ID%3D8ecfa8f7fc6fbb05%3AT%3D1704508704%3ART%3D1704509864%3AS%3DALNI_MZu59AfG7SEhZsiqUrJLfZ2QcyMpA&amp;gpic=UID%3D00000cd241fe4406%3AT%3D1704508704%3ART%3D1704509864%3AS%3DALNI_MaUE0k2KD2JwSFxXXfa0vCWZTCOTg&amp;prev_fmts=0x0%2C728x280%2C300x1032&amp;nras=1&amp;correlator=6013046467742&amp;frm=20&amp;pv=1&amp;ga_vid=691521116.1704509925&amp;ga_sid=1704509925&amp;ga_hid=276460489&amp;ga_fc=0&amp;rplot=4&amp;u_tz=420&amp;u_his=1&amp;u_h=864&amp;u_w=1536&amp;u_ah=824&amp;u_aw=1536&amp;u_cd=24&amp;u_sd=1.25&amp;dmc=8&amp;adx=577&amp;ady=3645&amp;biw=1519&amp;bih=738&amp;scr_x=0&amp;scr_y=721&amp;eid=44759875%2C44759926%2C31080114%2C95320893%2C95321626%2C31078663%2C31078665%2C31078668%2C31078670&amp;oid=2&amp;pvsid=2034038100318479&amp;tmod=440930262&amp;uas=3&amp;nvt=1&amp;ref=https%3A%2F%2Fxetot.com%2Ftin-xe%2Ftin-tuc%2Fpage%2F2%2F&amp;fc=1920&amp;brdim=0%2C0%2C0%2C0%2C1536%2C0%2C1536%2C824%2C1536%2C738&amp;vis=1&amp;rsz=%7Co%7CeoEbr%7C&amp;abl=NS&amp;pfx=0&amp;fu=128&amp;bc=31&amp;td=1&amp;psd=W251bGwsbnVsbCxudWxsLDNd&amp;nt=1&amp;ifi=4&amp;uci=a!4&amp;btvi=3&amp;fsb=1&amp;dtd=9868\" width=\"300\"></iframe></ins></p>\r\n			</td>\r\n		</tr>\r\n		<tr>\r\n			<td colspan=\"1\" rowspan=\"1\">\r\n			<p>C&ocirc;ng suất (m&atilde; lực)</p>\r\n			</td>\r\n			<td colspan=\"1\" rowspan=\"1\">\r\n			<p>282 hoặc 335</p>\r\n			</td>\r\n		</tr>\r\n	</thead>\r\n	<tbody>\r\n		<tr>\r\n			<td colspan=\"1\" rowspan=\"1\">\r\n			<p>M&ocirc; men xoắn (Nm)</p>\r\n			</td>\r\n			<td colspan=\"1\" rowspan=\"1\">\r\n			<p>380 hoặc 450</p>\r\n			</td>\r\n		</tr>\r\n		<tr>\r\n			<td colspan=\"1\" rowspan=\"1\">\r\n			<p>Hệ dẫn động</p>\r\n			</td>\r\n			<td colspan=\"1\" rowspan=\"1\">\r\n			<p>Quattro</p>\r\n			</td>\r\n		</tr>\r\n		<tr>\r\n			<td colspan=\"1\" rowspan=\"1\">\r\n			<p>Dung lượng pin</p>\r\n			</td>\r\n			<td colspan=\"1\" rowspan=\"1\">\r\n			<p>77 kWh</p>\r\n			</td>\r\n		</tr>\r\n		<tr>\r\n			<td colspan=\"1\" rowspan=\"1\">\r\n			<p>Thời gian sạc nhanh 0-80%</p>\r\n			</td>\r\n			<td colspan=\"1\" rowspan=\"1\">\r\n			<p>28 ph&uacute;t</p>\r\n			</td>\r\n		</tr>\r\n		<tr>\r\n			<td colspan=\"1\" rowspan=\"1\">\r\n			<p>Qu&atilde;ng đường di chuyển (km)</p>\r\n			</td>\r\n			<td colspan=\"1\" rowspan=\"1\">\r\n			<p>534</p>\r\n			</td>\r\n		</tr>\r\n		<tr>\r\n			<td colspan=\"1\" rowspan=\"1\">\r\n			<p>Tăng tốc 0-100km</p>\r\n			</td>\r\n			<td colspan=\"1\" rowspan=\"1\">\r\n			<p>6,7 gi&acirc;y</p>\r\n			</td>\r\n		</tr>\r\n		<tr>\r\n			<td colspan=\"1\" rowspan=\"1\">\r\n			<p>M&acirc;m xe</p>\r\n			</td>\r\n			<td colspan=\"1\" rowspan=\"1\">\r\n			<p>18 inch</p>\r\n			</td>\r\n		</tr>\r\n	</tbody>\r\n</table>\r\n', 0, 100, '1657436681_vn-galaxy-watch4-classic-399187-sm-r895fzkaxxv-481180686.jpg', 7312470000, 20, 17, '2023-12-18 21:19:19');
INSERT INTO `products` VALUES (42, 'Toyota Sienta 2022', '<h2><span style=\"font-size:16px\"><strong>T</strong></span><em>oyota Sienta 2022 tiếp tục được n&acirc;ng cấp tại thị trường Th&aacute;i Lan để gia tăng sức cạnh tranh với c&aacute;c đối thủ trong c&ugrave;ng ph&acirc;n kh&uacute;c. Đ&acirc;y l&agrave; một mẫu xe c&ograve;n kh&aacute; mới mẻ đối với người ti&ecirc;u d&ugrave;ng Việt Nam.</em></h2>\r\n', '<p>Toyota Sienta lần đầu ra mắt thị trường to&agrave;n cầu v&agrave;o năm 2003 v&agrave; được mở b&aacute;n ở một số thị trường tr&ecirc;n thế giới như Nhật Bản, Singapore, Indonesia, Malaysia, Hồng K&ocirc;ng, L&agrave;o v&agrave; Th&aacute;i Lan. Sau lần n&acirc;ng cấp v&agrave;o năm 2019, đến nay, mẫu xe n&agrave;y tiếp tục được cải tiến trang bị để cạnh tranh với c&aacute;c đối thủ.</p>\r\n\r\n<p>Trong khi đ&oacute;, Toyota vẫn chưa c&oacute; kế hoạch đưa mẫu MPV cỡ nhỏ n&agrave;y về Việt Nam.</p>\r\n', 0, 100, '1657291868_buds2tim.jpg', 6741090000, 45, 1, '2024-01-04 21:19:19');
INSERT INTO `products` VALUES (43, 'Kia Soluto', '<p>Ph&acirc;n kh&uacute;c sedan hạng B tại thị trường Việt Nam ng&agrave;y c&agrave;ng diễn ra s&ocirc;i nổi với sự tranh t&agrave;i của nhiều đối thủ kỳ cựu. Nếu những năm về trước, người ta vẫn thấy b&oacute;ng d&aacute;ng Kia Cerato chen ch&acirc;n giữa 2 ph&acirc;n kh&uacute;c B v&agrave; C th&igrave; đến thời điểm hiện tại&nbsp;<strong>Soluto sẽ đ&oacute;ng chốt v&agrave; được dự đo&aacute;n sẽ chiếm lợi thế cực lớn về gi&aacute; cả.</strong></p>\r\n', '<h3>Ngo&agrave;i ra, Vios c&ograve;n l&agrave; mẫu xe đem lại gi&aacute; trị kinh tế cao khi c&oacute; kh&ocirc;ng &iacute;t người mua xe để chạy dịch vụ. Tiết kiệm xăng l&agrave; một chuyện, Vios c&ograve;n &iacute;t hỏng vặt v&agrave; mỗi năm bạn chỉ mất tiền để thay dầu nhớt khi bảo dưỡng. Mặt kh&aacute;c, qua từng đời xe, Vios chỉ mất gi&aacute; 20 triệu/năm khi b&aacute;n lại- qu&aacute; l&yacute; tưởng để lựa chọn để sử dụng cho gia đ&igrave;nh hoặc kinh doan</h3>\r\n', 0, 100, '1657292267_vn-galaxy-buds-pro-r190-sm-r190nzkaxxv-509286836.jpg', 1768050000, 45, 5, '2023-12-18 21:19:19');
INSERT INTO `products` VALUES (44, 'xe điện Wuling Bingo', '<h2>Li&ecirc;n doanh sản xuất &ocirc; t&ocirc; SAIC-GM-Wuling tiếp tục th&agrave;nh c&ocirc;ng khi cho ra thị trường nhiều mẫu &ocirc; t&ocirc; mini đ&aacute;p ứng nhu cầu của người d&ugrave;ng. Sự th&agrave;nh c&ocirc;ng của&nbsp;<a href=\"https://xetot.com/tin-xe/danh-gia-xe-wuling-hongguang-mini-ev/\" rel=\"noopener\" target=\"_blank\" title=\"Giá xe Wuling HongGuang Mini EV\">HongGuang Mini EV</a>&nbsp;khi trở th&agrave;nh chiếc xe điện mini b&aacute;n chạy nhất thế giới đ&atilde; tiếp sức mạnh cho li&ecirc;n doanh n&agrave;y ph&acirc;n phối nhiều d&ograve;ng xe tương tự ở c&aacute;c thị trường kh&aacute;c nhau.</h2>\r\n', '<h2>Th&ocirc;ng số kỹ thuật Wuling Bingo 2024</h2>\r\n\r\n<table border=\"1\">\r\n	<tbody>\r\n		<tr>\r\n			<td>Th&ocirc;ng số</td>\r\n			<td>Wuling Bingo</td>\r\n		</tr>\r\n		<tr>\r\n			<td>Ph&acirc;n kh&uacute;c</td>\r\n			<td>Mini Car</td>\r\n		</tr>\r\n		<tr>\r\n			<td>Số chỗ ngồi</td>\r\n			<td>4</td>\r\n		</tr>\r\n		<tr>\r\n			<td>Chiều D&agrave;i &nbsp;x Rộng x Cao (mm)</td>\r\n			<td>3.950 x 1.708 x 1.580</td>\r\n		</tr>\r\n		<tr>\r\n			<td>Chiều d&agrave;i cơ sở (mm)</td>\r\n			<td>2.560</td>\r\n		</tr>\r\n		<tr>\r\n			<td>Động cơ</td>\r\n			<td>Điện</td>\r\n		</tr>\r\n		<tr>\r\n			<td>C&ocirc;ng suất (m&atilde; lực)</td>\r\n			<td>\r\n			<ul>\r\n				<li>40</li>\r\n				<li>54</li>\r\n			</ul>\r\n			</td>\r\n		</tr>\r\n		<tr>\r\n			<td>\r\n			<p>Hệ dẫn động</p>\r\n			</td>\r\n			<td>\r\n			<p>Cầu trước</p>\r\n			</td>\r\n		</tr>\r\n		<tr>\r\n			<td>\r\n			<p>Loại pin trang bị</p>\r\n			</td>\r\n			<td>\r\n			<p>LFP</p>\r\n			</td>\r\n		</tr>\r\n		<tr>\r\n			<td>\r\n			<p>Dung lượng pin</p>\r\n\r\n			<p><ins><iframe frameborder=\"0\" height=\"1032\" id=\"aswift_2\" name=\"aswift_2\" scrolling=\"no\" src=\"https://googleads.g.doubleclick.net/pagead/ads?client=ca-pub-3655642957264955&amp;output=html&amp;h=1032&amp;slotname=6931087979&amp;adk=946226475&amp;adf=3808988170&amp;pi=t.ma~as.6931087979&amp;w=300&amp;cr_col=1&amp;cr_row=13&amp;fwrn=2&amp;lmt=1704509885&amp;rafmt=9&amp;format=300x1032&amp;url=https%3A%2F%2Fxetot.com%2Ftin-xe%2Fdanh-gia-xe-wuling-bingo%2F&amp;ea=0&amp;crui=image_sidebyside&amp;fwr=0&amp;wgl=1&amp;uach=WyJXaW5kb3dzIiwiMTAuMC4wIiwieDg2IiwiIiwiMTIwLjAuNjA5OS4xMzEiLG51bGwsMCxudWxsLCI2NCIsW1siTm90X0EgQnJhbmQiLCI4LjAuMC4wIl0sWyJDaHJvbWl1bSIsIjEyMC4wLjYwOTkuMTMxIl0sWyJHb29nbGUgQ2hyb21lIiwiMTIwLjAuNjA5OS4xMzEiXV0sMF0.&amp;dt=1704509865936&amp;bpp=1&amp;bdt=1437&amp;idt=223&amp;shv=r20240103&amp;mjsv=m202401020101&amp;ptt=9&amp;saldr=aa&amp;abxe=1&amp;cookie=ID%3D8ecfa8f7fc6fbb05%3AT%3D1704508704%3ART%3D1704509864%3AS%3DALNI_MZu59AfG7SEhZsiqUrJLfZ2QcyMpA&amp;gpic=UID%3D00000cd241fe4406%3AT%3D1704508704%3ART%3D1704509864%3AS%3DALNI_MaUE0k2KD2JwSFxXXfa0vCWZTCOTg&amp;prev_fmts=0x0%2C728x280%2C300x250&amp;nras=1&amp;correlator=1236714061836&amp;frm=20&amp;pv=1&amp;ga_vid=1263408271.1704509866&amp;ga_sid=1704509866&amp;ga_hid=1490304793&amp;ga_fc=0&amp;u_tz=420&amp;u_his=1&amp;u_h=864&amp;u_w=1536&amp;u_ah=824&amp;u_aw=1536&amp;u_cd=24&amp;u_sd=1.25&amp;dmc=8&amp;adx=217&amp;ady=2954&amp;biw=1519&amp;bih=738&amp;scr_x=0&amp;scr_y=2750&amp;eid=44759875%2C44759926%2C31079759%2C31080114%2C95320893%2C95321626%2C31078663%2C31078665%2C31078668%2C31078670&amp;oid=2&amp;psts=AOrYGskphFUWe56auY_kcT57jGxf9QDzHxjOcooX2qKApOAi3MErfhsyyVHj0MVZCeKCb_2INSwSSo3KCv0IyyODt0fPM86L&amp;pvsid=630168166709068&amp;tmod=440930262&amp;uas=1&amp;nvt=1&amp;ref=https%3A%2F%2Fxetot.com%2Ftin-xe%2Ftin-tuc%2Fpage%2F2%2F&amp;fc=1920&amp;brdim=0%2C0%2C0%2C0%2C1536%2C0%2C1536%2C824%2C1536%2C738&amp;vis=1&amp;rsz=od%7Co%7CoeE%7Cp&amp;abl=XS&amp;pfx=0&amp;fu=128&amp;bc=31&amp;td=1&amp;psd=W251bGwsbnVsbCxudWxsLDNd&amp;nt=1&amp;ifi=3&amp;uci=a!3&amp;fsb=1&amp;dtd=19533\" width=\"300\"></iframe></ins></p>\r\n			</td>\r\n			<td>\r\n			<ul>\r\n				<li>17,3 kWh</li>\r\n				<li>21,9 kWh</li>\r\n			</ul>\r\n			</td>\r\n		</tr>\r\n	</tbody>\r\n</table>\r\n', 1, 100, '1657384188_buds live.jpg', 7116990000, 50, 3, '2024-01-04 21:19:19');
INSERT INTO `products` VALUES (45, 'Mercedes EQV ', '<h2><strong>Mercedes-Benz EQV 2024</strong>&nbsp;l&agrave; phi&ecirc;n bản chạy điện của d&ograve;ng xe V-Class quen thuộc. Diện mạo của EQV thay đổi nhẹ để ph&ugrave; hợp với nh&atilde;n hiệu xe điện EQ.</h2>\r\n', '<p>Mercedes-Benz từng trưng b&agrave;y bản mẫu &yacute; tưởng Concept EQV tại triển l&atilde;m &ocirc; t&ocirc; Geneva 2019 hồi th&aacute;ng 03 &ndash; 2019. Cho đến th&aacute;ng 09 &ndash; 2019 xe ch&iacute;nh thức ho&agrave;n thiện để đi v&agrave;o sản xuất thương mại h&agrave;ng loạt v&agrave; được ra mắt tại triển l&atilde;m IAA Cars Frankfurt 2019.</p>\r\n\r\n<p>Từ đ&oacute; cho đến nay, c&aacute;c phi&ecirc;n bản của&nbsp;Mercedes-Benz EQV&nbsp;lu&ocirc;n d&agrave;nh được nhiều sự quan t&acirc;m của người ti&ecirc;u d&ugrave;ng.</p>\r\n', 0, 100, '1657384485_samsung-galaxy-m53-xanhduong-1.jpg', 1280770000, 20, 12, '2023-12-18 21:19:19');
INSERT INTO `products` VALUES (46, 'Hyundai Creta ', '<h2>TC Motor đưa Creta trở lại thị trường Việt để cạnh tranh ở ph&acirc;n kh&uacute;c gầm cao cỡ B. D&ograve;ng xe n&agrave;y từng xuất hiện năm 2015-2016 nhưng kh&ocirc;ng th&agrave;nh c&ocirc;ng.</h2>\r\n', '<h2><strong>M&ocirc; tả / đ&aacute;nh gi&aacute; chi tiết</strong></h2>\r\n\r\n<p>Hyundai Creta thuộc ph&acirc;n kh&uacute;c&nbsp;<a href=\"https://vnexpress.net/oto-xe-may/v-car/phan-khuc/phan-khuc-b-2#crossover\" rel=\"dofollow\">Crossover cỡ B</a>, mảnh đất b&eacute;o bở với sự g&oacute;p mặt nhiều sản phẩm, như&nbsp;<a href=\"https://vnexpress.net/oto-xe-may/v-car/dong-xe/kia-seltos-68\" rel=\"dofollow\">Kia Seltos</a>,&nbsp;<a href=\"https://vnexpress.net/oto-xe-may/v-car/dong-xe/mazda-cx-3-96\" rel=\"dofollow\">Mazda CX-3</a>,&nbsp;<a href=\"https://vnexpress.net/oto-xe-may/v-car/dong-xe/mg-zs-114\" rel=\"dofollow\">MG ZS</a>,&nbsp;<a href=\"https://vnexpress.net/oto-xe-may/v-car/dong-xe/volkswagen-t-cross-207\" rel=\"dofollow\">Volkswagen T-Cross</a>,&nbsp;<a href=\"https://vnexpress.net/oto-xe-may/v-car/dong-xe/honda-hr-v-43\" rel=\"dofollow\">Honda HR-V</a>&nbsp;v&agrave;&nbsp;<a href=\"https://vnexpress.net/oto-xe-may/v-car/dong-xe/toyota-corolla-cross-158\" rel=\"dofollow\">Toyota Corolla Cross</a>&nbsp;(thuộc B+). Đ&acirc;y l&agrave; ph&acirc;n kh&uacute;c nhắm tới đối tượng kh&aacute;ch h&agrave;ng gia đ&igrave;nh trẻ v&agrave; những người lần đầu sở hữu &ocirc;t&ocirc;.</p>\r\n\r\n<p>B&ecirc;n cạnh đ&oacute; Creta cũng cạnh tranh một c&aacute;ch gi&aacute;n tiếp với c&aacute;c mẫu&nbsp;<a href=\"https://vnexpress.net/oto-xe-may/v-car/phan-khuc/xe-nho-hang-ab-23#crossover\" rel=\"dofollow\">Crossover cỡ A+</a>&nbsp;như&nbsp;<a href=\"https://vnexpress.net/oto-xe-may/v-car/dong-xe/kia-sonet-193\" rel=\"dofollow\">Kia Sonet</a>,&nbsp;<a href=\"https://vnexpress.net/oto-xe-may/v-car/dong-xe/toyota-raize-196\" rel=\"dofollow\">Toyota Raize</a>&hellip; hoặc c&aacute;c mẫu&nbsp;<a href=\"https://vnexpress.net/oto-xe-may/v-car/dong-xe/mazda-cx-30-99\" rel=\"dofollow\">Mazda CX-30</a>,&nbsp;<a href=\"https://vnexpress.net/oto-xe-may/v-car/dong-xe/peugeot-2008-127\" rel=\"dofollow\">Peugeot 2008</a>&nbsp;thuộc&nbsp;<a href=\"https://vnexpress.net/oto-xe-may/v-car/phan-khuc/phan-khuc-b-c-3\" rel=\"dofollow\">ph&acirc;n kh&uacute;c B+/C-</a>.</p>\r\n', 0, 100, '1657384686_samsung-galaxy-m33-xanh-1-min.jpg', 3552900000, 10, 16, '2024-01-04 21:19:19');
INSERT INTO `products` VALUES (47, 'LAND CRUISER 300', '<h2>Chiếc SUV nổi tiếng về khả năng vượt địa h&igrave;nh v&agrave; bền bỉ, tuy nhi&ecirc;n động cơ lớn, gi&aacute; b&aacute;n như xe sang v&agrave; mức ti&ecirc;u thụ nhi&ecirc;n liệu cao n&ecirc;n Land Cruiser chủ yếu l&agrave; lựa chọn của kh&aacute;ch h&agrave;ng gi&agrave;u c&oacute;,&nbsp;c&aacute;c&nbsp;tổ chức hay c&ocirc;ng ty.&nbsp;</h2>\r\n', '<p>Uy lực thống lĩnh</p>\r\n\r\n<p><a href=\"https://www.toyota.com.vn/thong-so-ky-thuat/?modelId=321&amp;gradeId=1896\" target=\"_blank\">XEM TH&Ocirc;NG SỐ</a><a href=\"https://www.toyota.com.vn/so-sanh-xe/?modelId1=321&amp;&amp;gradeId1=1896\" target=\"_blank\">SO S&Aacute;NH XE</a></p>\r\n\r\n<p>Số chỗ ngồi</p>\r\n\r\n<p>7 chỗ</p>\r\n\r\n<p>Kiểu d&aacute;ng</p>\r\n\r\n<p>Đa dụng thể thao</p>\r\n\r\n<p>Nhi&ecirc;n liệu</p>\r\n\r\n<p>Xăng</p>\r\n\r\n<p>Xuất xứ</p>\r\n\r\n<p>Nhật Bản</p>\r\n\r\n<p>Gi&aacute; từ</p>\r\n\r\n<p>4.286.000.000</p>\r\n\r\n<p>&nbsp;</p>\r\n', 0, 100, '1657388480_samsung-galaxy-z-fold3-5g-xanh-reu-2.jpg', 3922190000, 10, 1, '2023-12-18 21:19:19');
INSERT INTO `products` VALUES (48, 'Mercedes EQB', '<p><strong>Mercedes-Benz EQB 2024 l&agrave; phi&ecirc;n bản n&acirc;ng cấp</strong>&nbsp;giữa v&ograve;ng đời mới nhất t&iacute;nh đến thời điểm hiện tại của mẫu xe. Xe sở hữu một số tinh chỉnh về ngoại h&igrave;nh, n&acirc;ng cấp c&ocirc;ng nghệ vượt trội, c&ugrave;ng khả năng vận h&agrave;nh mạnh mẽ.</p>\r\n', '<p>Khi m&agrave; tại thị trường trong nước chuẩn bị với sự kiện ra mắt xe&nbsp;<a href=\"https://muaxegiatot.com/xe-mercedes-eqb-250.html\" rel=\"noopener\" target=\"_blank\" title=\"Giá xe Mercedes-Benz EQB 250\">Mercedes-Benz EQB 250</a>&nbsp;v&agrave;o th&aacute;ng 9 tới đ&acirc;y.</p>\r\n\r\n<p>Th&igrave; h&atilde;ng xe nước Đức vừa qua đ&atilde; c&ocirc;ng bố về sự xuất hiện của Mercedes-Benz EQB 2024 phi&ecirc;n bản mới nhất.</p>\r\n', 0, 100, '1657385177_samsung-galaxy-tab-s7-xanh-duong-1-org.jpg', 8452260000, 15, 12, '2024-01-04 21:19:19');
INSERT INTO `products` VALUES (49, 'Honda Civic Type R', '<h2>&nbsp;</h2>\r\n\r\n<h3>BỨT TỐC VƯỢT ĐỈNH</h3>\r\n\r\n<p>D&ugrave; đ&atilde; ở đỉnh cao, chủ nh&acirc;n Honda Civic Type R vẫn kh&ocirc;ng ngừng tăng tốc để chinh phục đỉnh mới, vinh quang mới v&agrave; trở th&agrave;nh phi&ecirc;n bản th&agrave;nh c&ocirc;ng hơn của ch&iacute;nh m&igrave;nh.</p>\r\n', '<h2>GIẢI THƯỞNG TO&Agrave;N CẦU</h2>\r\n\r\n<p>Từ khi ra mắt, Honda Civic Type R tự h&agrave;o nhận được nhiều giải thưởng danh gi&aacute; tr&ecirc;n to&agrave;n cầu, như Giải thưởng &ldquo;Xe của năm&rdquo; được b&aacute;o BBC Top Gear trao tặng năm 2017; Giải thưởng &ldquo;Mẫu xe Hatchback nổi bật của năm 2020&rdquo; do tạp ch&iacute; Auto Express (Anh Quốc) trao tặng, c&ugrave;ng nhiều c&aacute;c giải thưởng uy t&iacute;n kh&aacute;c.</p>\r\n', 0, 100, '1657385351_samsung-galaxy-tab-s7-fe-wifi-1.jpg', 1494700000, 15, 14, '2023-12-18 21:19:19');
INSERT INTO `products` VALUES (50, 'Toyota Vios 2023', '<h2>Vios 2023 l&agrave; bản n&acirc;ng cấp nhẹ của mẫu sedan &quot;ăn kh&aacute;ch&quot; nhất nh&agrave; Toyota. Xe lược bỏ 3&nbsp;bản, chỉ c&ograve;n 3 bản l&agrave; E MT, E CVT (3 t&uacute;i kh&iacute;) v&agrave; G. Vios cạnh tranh với c&aacute;c đối thủ như Hyundai Accent, Honda City.&nbsp;</h2>\r\n', '<h2><strong>M&ocirc; tả / đ&aacute;nh gi&aacute; chi tiết</strong></h2>\r\n\r\n<p>So với&nbsp;<a href=\"https://vnexpress.net/oto-xe-may/v-car/doi-xe/toyota-vios-2021-147\" rel=\"dofollow\">bản tiền nhiệm</a>, Toyota Vios 2023 lược bỏ c&aacute;c bản E MT v&agrave; E CVT 7 t&uacute;i kh&iacute;, chỉ c&ograve;n c&aacute;c bản 3 t&uacute;i kh&iacute;, gi&aacute; giảm lần lượt 10 triệu v&agrave; 14 triệu đồng. Ri&ecirc;ng bản G CVT vẫn giữ nguy&ecirc;n, kh&ocirc;ng tăng gi&aacute;. Bản G-RS vốn k&eacute;n kh&aacute;ch cũng ngưng ph&acirc;n phối.</p>\r\n\r\n<p>Về thiết kế, Toyota Vios mới được thiết kế lại phần đầu c&acirc;n đối, vu&ocirc;ng vức hơn. Đ&egrave;n pha LED trở th&agrave;nh trang bị ti&ecirc;u chuẩn, tạo h&igrave;nh khoẻ khoắn. Cản trước v&agrave; mặt ca-lăng cũng được thiết kế lại nhưng kh&aacute; rối so với bản cũ.</p>\r\n\r\n<p>So với bản đời tiền nhiệm, h&atilde;ng thay đổi thiết kế la-zăng, trong khi k&iacute;ch thước vẫn giữ 15 inch. Kh&ocirc;ng c&oacute; kh&aacute;c biệt n&agrave;o về đ&egrave;n hậu tr&ecirc;n bản mới. Ri&ecirc;ng cản sau với dải phản quang được tinh chỉnh lại.</p>\r\n\r\n<p>Ở nội thất, Vios 2023 kh&ocirc;ng thay đổi nhiều c&aacute;ch sắp xếp c&aacute;c chi tiết. H&atilde;ng n&acirc;ng cấp m&agrave;n h&igrave;nh từ 7 inch l&ecirc;n 9 inch, v&ocirc;-lăng th&ecirc;m lẫy chuyển số cho bản G. Hai bản thấp hơn th&ecirc;m cổng sạc USB cho h&agrave;ng ghế sau.</p>\r\n', 0, 100, '1657385508_samsung-galaxy-tab-s8-white-1.jpg', 616743000, 7, 1, '2024-01-04 21:19:19');
INSERT INTO `products` VALUES (51, 'HONDA BR-V', '<h2>Honda BR-V&nbsp;với &yacute; tưởng mang đến một mẫu &ldquo;Chuy&ecirc;n cơ mặt đất&rdquo; tập trung n&acirc;ng cao trải nghiệm đẳng cấp, tiện nghi của người sử dụng, Honda BR-V l&agrave; sự kết hợp ho&agrave;n hảo của một chiếc SUV c&aacute; t&iacute;nh, một chiếc MPV đa dụng c&ugrave;ng với cảm gi&aacute;c l&aacute;i hứng khởi lu&ocirc;n c&oacute; tr&ecirc;n c&aacute;c d&ograve;ng xe Honda.</h2>\r\n', '<h2>TẬN HƯỞNG TRẢI NGHIỆM VUI VẺ B&Ecirc;N NGƯỜI TH&Acirc;N</h2>\r\n\r\n<p>Với nội thất rộng r&atilde;i, tiện nghi c&ugrave;ng khả năng vận h&agrave;nh &ecirc;m &aacute;i, Honda BR-V mang đến cho cả gia đ&igrave;nh những gi&acirc;y ph&uacute;t thoải m&aacute;i, an to&agrave;n tr&ecirc;n mọi cung đường như một chiếc chuy&ecirc;n cơ đ&iacute;ch thực<br />\r\n<img alt=\"\" src=\"https://otohonda-haiphong.vn/wp-content/uploads/2023/07/honda-br-v-080723-02.jpg\" style=\"height:675px; width:1200px\" />Với mong muốn hướng đến kh&aacute;ch h&agrave;ng l&agrave; c&aacute;c gia đ&igrave;nh Việt, Honda BR-V mang đến những ưu việt trong d&ograve;ng xe gia đ&igrave;nh qua c&aacute;c kh&iacute;a cạnh:</p>\r\n\r\n<ul>\r\n	<li>Thiết kế nội thất rộng r&atilde;i 7 chỗ ngồi c&ugrave;ng c&aacute;c h&agrave;ng ghế linh hoạt ph&ugrave; hợp với c&aacute;c gia đ&igrave;nh c&oacute; nhiều thế hệ.</li>\r\n	<li>Khả năng vận h&agrave;nh v&agrave; tiết kiệm nhi&ecirc;n liệu vượt trội.</li>\r\n	<li>C&aacute;c t&iacute;nh năng an to&agrave;n chủ động v&agrave; bị động ti&ecirc;n tiến, đặc biệt l&agrave; hệ thống Honda SENSING gi&uacute;p cả gia đ&igrave;nh lu&ocirc;n an t&acirc;m v&agrave; tận hưởng trọn vẹn niềm vui trong mỗi chuyến đi.</li>\r\n	<li>Hệ thống trang bị hỗ trợ hiện đại tr&ecirc;n xe mang đến trải nghiệm đẳng cấp c&ugrave;ng sự tiện nghi, thoải m&aacute;i tối đa cho tất cả c&aacute;c th&agrave;nh vi&ecirc;n.</li>\r\n</ul>\r\n', 0, 100, '1657385777_samsung-galaxy-tab-a7-lite-1-3-org.jpg', 7599610000, 11, 14, '2023-12-18 21:19:19');
INSERT INTO `products` VALUES (52, 'Mazda CX-5', '<h2>Mazda CX-5 l&agrave; c&aacute;i t&ecirc;n &ldquo;độc chiếm&rdquo; vị tr&iacute; số 1 về doanh số trong th&aacute;ng 10/2023 với hơn 2.000 xe b&aacute;n ra, bỏ xa xe ở ph&iacute;a sau với c&aacute;ch biệt hơn 700 xe.</h2>\r\n', '<h3>Kết th&uacute;c th&aacute;ng 11/2023, thị trường &ocirc; t&ocirc; Việt Nam vẫn chưa cho thấy sự khởi sắc d&ugrave; đ&acirc;y đ&atilde; l&agrave; thời điểm mua sắm cuối năm. Trong Top 10 xe b&aacute;n chạy nhất th&aacute;ng 11/2023, ngo&agrave;i những c&aacute;i t&ecirc;n quen thuộc như Mazda CX-5, Hyundai Accent th&igrave; c&oacute; th&ecirc;m loạt xe Toyota nổi bật l&agrave; Yaris Cross, Veloz Cross hay Vios.</h3>\r\n', 0, 100, '1657385959_samsung-galaxy-tab-a8-1-1.jpg', 7147830000, 12, 1, '2024-01-04 21:19:19');
INSERT INTO `products` VALUES (53, 'Ford Ranger Raptor 2022', '<h2>Ford Ranger Raptor 2023 ra mắt bản n&acirc;ng cấp, c&oacute; thay đổi g&acirc;y tranh c&atilde;i</h2>\r\n', '<p>X&eacute;t về mặt kinh tế, việc Ranger Raptor chuyển sang đăng k&yacute; dạng b&aacute;n tải chở h&agrave;ng th&ocirc;ng thường sẽ&nbsp;<strong>gi&uacute;p kh&aacute;ch h&agrave;ng tiết kiệm gần 60 triệu đồng.</strong></p>\r\n\r\n<p>Cụ thể, lệ ph&iacute; trước bạ mới chỉ bằng 60% mức cũ. Tại H&agrave; Nội, Ranger Raptor sẽ c&oacute; ph&iacute; trước bạ mới 7,2%, giảm 4,8% so với trước. C&aacute;c tỉnh/th&agrave;nh kh&aacute;c c&oacute; ph&iacute; trước bạ mới 6%, giảm 4% so với trước.</p>\r\n\r\n<p style=\"text-align:justify\">&nbsp;</p>\r\n', 0, 100, '1657418987_vn-crystal-uhd-au8000-ua65au8000kxxv-408312393.jpg', 2940300000, 10, 8, '2023-12-18 21:19:19');
INSERT INTO `products` VALUES (54, 'Toyota Corolla Altis', '<h2>Toyota Corolla Altis ch&iacute;nh l&agrave; c&aacute;i t&ecirc;n nổi tiếng một thời khuynh đảo ph&acirc;n kh&uacute;c Sedan hạng C với doanh số cao vượt trội. Tuy nhi&ecirc;n trong những năm trở lại đ&acirc;y, xe đang c&oacute; dấu hiệu đuối sức v&agrave; gặp nhiều kh&oacute; khăn khi cạnh tranh với c&aacute;c đối thủ.&nbsp;</h2>\r\n', '<p>Để cải thiện t&igrave;nh trạng tr&ecirc;n, mới đ&acirc;y&nbsp;<strong>Toyota đ&atilde; giới thiệu phi&ecirc;n bản mới nhất của Corolla Altis c&ugrave;ng nhiều thay đổi</strong>, qua đ&oacute; gi&uacute;p xe trở n&ecirc;n hấp dẫn hơn. Năm 2019, sản phẩm n&agrave;y đ&atilde; được giới thiệu tại một số thị trường v&agrave; cũng được đồn đo&aacute;n l&agrave; sẽ về Việt Nam ngay trong năm nay. Hiện tại một số Showroom đ&atilde; bắt đầu nhận đặt cọc sớm.&nbsp;</p>\r\n', 0, 100, '1657419493_vn-qled-q80b-qa65q80bakxxv-531464575.jpg', 2258010000, 12, 1, '2024-01-04 21:19:19');
INSERT INTO `products` VALUES (55, 'HONDA CITY', '<p>Honda City&nbsp;kh&ocirc;ng ngừng chuyển m&igrave;nh trong đường n&eacute;t thiết kế, đột ph&aacute; với c&ocirc;ng nghệ ti&ecirc;n tiến để c&ugrave;ng bạn vươn xa đầy ki&ecirc;u h&atilde;nh tr&ecirc;n h&agrave;nh tr&igrave;nh kiến tạo những th&agrave;nh c&ocirc;ng mới.</p>\r\n', '<p>Honda City mới tập trung v&agrave;o 4 gi&aacute; trị nổi bật:&nbsp;<strong>&ldquo;Thể thao c&aacute; t&iacute;nh &ndash; Tiện nghi hiện đại &ndash; An to&agrave;n vượt trội &ndash; Vận h&agrave;nh mạnh mẽ&rdquo;</strong>, hướng tới những kh&aacute;ch h&agrave;ng trẻ trung, ưa th&iacute;ch sự năng động, hiện đại c&ugrave;ng sự tiện nghi v&agrave; an to&agrave;n tối đa.</p>\r\n\r\n<p><img alt=\"\" src=\"https://otohonda-haiphong.vn/wp-content/uploads/2023/07/honda-city-0723-02.jpg\" style=\"height:675px; width:1200px\" /></p>\r\n\r\n<p>Được ph&aacute;t triển dựa tr&ecirc;n &yacute; tưởng mang đến một mẫu xe sedan &ldquo;Thể thao hơn, An to&agrave;n hơn&rdquo;, Honda City mới kh&ocirc;ng chỉ đ&aacute;p ứng nhu cầu đi lại cơ bản m&agrave; c&ograve;n đem lại sự an t&acirc;m khi trải nghiệm cho kh&aacute;ch h&agrave;ng với những thay đổi đ&aacute;ng gi&aacute; trong ph&acirc;n kh&uacute;c hạng B:</p>\r\n\r\n<ul>\r\n	<li>Thiết kế thể thao, c&aacute; t&iacute;nh hơn với lưới tản nhiệt tổ ong, cản trước v&agrave; cản sau được tạo h&igrave;nh khuếch t&aacute;n l&agrave;m tăng độ khoẻ khoắn, la zăng mới với thiết kế phong c&aacute;ch hơn, nội thất bọc da sang trọng (RS, L).</li>\r\n</ul>\r\n', 0, 100, '1657432571_vn-the-sero-ls05b-qa43ls05bakxxv-531464633.jpg', 1969150000, 0, 14, '2023-12-18 21:19:19');
INSERT INTO `products` VALUES (56, ' Hyundai Ioniq 5', '<h2>L&agrave; mẫu xe k&iacute;n tiếng nhất, nhưng Hyundai Ioniq 5 bất ngờ mở b&aacute;n sớm nhất trong năm nay khi sẽ ra mắt v&agrave;o ng&agrave;y 26 th&aacute;ng 4 năm 2022.</h2>\r\n', '<p>Về tổng thể, Hyundai Ioniq 5 sở hữu k&iacute;ch thước D&agrave;i x Rộng x Cao lần lượt l&agrave; 4.635 x 1.890 x 1.605 (mm), chiều d&agrave;i cơ sở 3.000mm. K&iacute;ch thước của chiếc xe điện n&agrave;y c&ograve;n lớn hơn cả những chiếc SUV cỡ lớn như&nbsp;<a href=\"https://xetot.com/toan-quoc/mua-ban-oto/hyundai--palisade\" rel=\"noopener\" target=\"_blank\">Hyundai Palisade</a>.</p>\r\n\r\n<p>Ở ngoại h&igrave;nh, Hyundai Ioniq 5 g&acirc;y ấn tượng với người d&ugrave;ng bởi thiết kế trẻ trung, hiện đại.</p>\r\n', 1, 94, '1657437871_vn-side-by-side-rs62r5001b4-rs62r5001b4-sv-black-198134679.jpg', 2571740000, 18, 31, '2024-01-04 21:19:19');
INSERT INTO `products` VALUES (57, 'Ford Everest Sport ', '<h2>Ford Everest Sport 2.0L 4&times;2 AT 2023 l&agrave; một chiếc xe SUV tuyệt vời với nhiều t&iacute;nh năng hấp dẫn v&agrave; sức mạnh đ&aacute;ng kinh ngạc. Xe sử dụng động cơ Single Turbo Diesel 2.0L i4 TDCi, với c&ocirc;ng suất 170 m&atilde; lực (125 KW) v&agrave; m&ocirc;-men xoắn cực đại 405 Nm/ 1750-2500 rpm. Sức mạnh n&agrave;y được truyền đến hộp số tự động 6 cấp, với phanh tay điện tử gi&uacute;p cho việc điều khiển xe trở n&ecirc;n dễ d&agrave;ng hơn.</h2>\r\n', '<table border=\"1\">\r\n	<tbody>\r\n		<tr>\r\n			<td><strong>T&igrave;nh Trạng Xe</strong></td>\r\n			<td>Mới 100%</td>\r\n		</tr>\r\n		<tr>\r\n			<td><strong>Năm Sản xuất</strong></td>\r\n			<td>2023</td>\r\n		</tr>\r\n		<tr>\r\n			<td><strong>Kiểu Xe</strong></td>\r\n			<td>SUV 7 Chỗ</td>\r\n		</tr>\r\n		<tr>\r\n			<td><strong>Động Cơ</strong></td>\r\n			<td>Dầu Diesel 2.0L Single-Turbo</td>\r\n		</tr>\r\n		<tr>\r\n			<td><strong>Hộp Số</strong></td>\r\n			<td>Tự Động 6 Cấp</td>\r\n		</tr>\r\n		<tr>\r\n			<td><strong>Hệ Thống Đẫn Động</strong></td>\r\n			<td>Một Cầu 4&times;2</td>\r\n		</tr>\r\n		<tr>\r\n			<td><strong>K&iacute;ch Thước DxRxC</strong></td>\r\n			<td>4914 x 1923 x 1842</td>\r\n		</tr>\r\n		<tr>\r\n			<td><strong>C&ocirc;ng xuất cực Đại</strong></td>\r\n			<td>170 (125Kw ) 3500</td>\r\n		</tr>\r\n		<tr>\r\n			<td><strong>M&agrave;u Xe</strong></td>\r\n			<td>Bạc, X&aacute;m Meteor, Xanh Dương, N&acirc;u, Đen, Trắng Tuyết, Đỏ Cam</td>\r\n		</tr>\r\n	</tbody>\r\n</table>\r\n\r\n<p>&nbsp;</p>\r\n\r\n<p><a href=\"https://ford-giaiphong.net/wp-content/uploads/2023/04/Ford-Everest-Sport-2.0L-4%C3%972-AT.jpg\"><img alt=\"Ford Everest Sport 2.0L 4×2 AT\" src=\"https://ford-giaiphong.net/wp-content/uploads/2023/04/Ford-Everest-Sport-2.0L-4%C3%972-AT-600x400.jpg\" style=\"height:400px; width:600px\" title=\"Ford Everest Sport 2.0L 4×2 AT\" /></a></p>\r\n\r\n<p><a href=\"https://ford-giaiphong.net/wp-content/uploads/2023/04/ford-evrest-sport-4x2-at-12.jpg\"><img alt=\"\" src=\"https://ford-giaiphong.net/wp-content/uploads/2023/04/ford-evrest-sport-4x2-at-12-600x495.jpg\" style=\"height:495px; width:600px\" title=\"ford-evrest-sport-4x2-at-12\" /></a></p>\r\n\r\n<p><a href=\"https://ford-giaiphong.net/wp-content/uploads/2023/04/noi-that-xe-ford-everest-sport-2023-moi-nhat-798x446-1.jpg\"><img alt=\"\" src=\"https://ford-giaiphong.net/wp-content/uploads/2023/04/noi-that-xe-ford-everest-sport-2023-moi-nhat-798x446-1-600x335.jpg\" style=\"height:335px; width:600px\" title=\"noi-that-xe-ford-everest-sport-2023-moi-nhat-798x446-1\" /></a></p>\r\n\r\n<p><a href=\"https://ford-giaiphong.net/wp-content/uploads/2023/04/ket-noi-khong-day-tren-ford-everest-moi-1.jpg\"><img alt=\"\" src=\"https://ford-giaiphong.net/wp-content/uploads/2023/04/ket-noi-khong-day-tren-ford-everest-moi-1-600x326.jpg\" style=\"height:326px; width:600px\" title=\"ket-noi-khong-day-tren-ford-everest-moi-1\" /></a></p>\r\n\r\n<p><img alt=\"Ford Everest Sport 2.0L 4×2 AT\" src=\"https://ford-giaiphong.net/wp-content/uploads/2023/04/Ford-Everest-Sport-2.0L-4%C3%972-AT-300x200.jpg\" style=\"width:300px\" /></p>\r\n\r\n<p><img alt=\"\" src=\"https://ford-giaiphong.net/wp-content/uploads/2023/04/ford-evrest-sport-4x2-at-12-300x248.jpg\" style=\"width:300px\" /></p>\r\n\r\n<p><img alt=\"\" src=\"https://ford-giaiphong.net/wp-content/uploads/2023/04/noi-that-xe-ford-everest-sport-2023-moi-nhat-798x446-1-300x168.jpg\" style=\"width:300px\" /></p>\r\n\r\n<p><img alt=\"\" src=\"https://ford-giaiphong.net/wp-content/uploads/2023/04/ket-noi-khong-day-tren-ford-everest-moi-1-300x163.jpg\" style=\"width:300px\" /></p>\r\n', 0, 100, '1657438407_vn-rt6000k-top-freezer-with-twin-cooling-plus™-530l-417759-rt29k503jb1-sv-532234455.jpg', 6451220000, 18, 8, '2023-12-18 21:19:19');
INSERT INTO `products` VALUES (58, 'Lynk & Co 09', '<h2>Lynk &amp; Co 09 l&agrave; mẫu xe cao cấp nhất đến thời điểm hiện tại của h&atilde;ng xe Trung Quốc hiện mới c&oacute; mặt tại Việt Nam. Mẫu xe được định vị tại ph&acirc;n kh&uacute;c SUV hạng E với thiết kế ấn tượng, c&ugrave;ng mức gi&aacute; kh&aacute; cao 2,199 tỷ.</h2>\r\n', '<p><a href=\"https://xetot.com/tin-xe/gia-xe-o-to-lynk-co/\" rel=\"noopener\" target=\"_blank\" title=\"Giá xe Lynk &amp; Co\">H&atilde;ng xe Trung Quốc Lynk &amp; Co</a>&nbsp;đ&atilde; ch&iacute;nh thức ra mắt thị trường Việt Nam v&agrave;o ng&agrave;y 16 &ndash; 12 &ndash; 2023. Cũng trong khu&ocirc;n khổ sự kiện n&agrave;y, Lynk &amp; Co 09 l&agrave; một trong 3 mẫu xe của thương hiệu được giới thiệu đến người ti&ecirc;u d&ugrave;ng trong nước.</p>\r\n\r\n<p><strong>Lynk &amp; Co 09</strong>&nbsp;l&agrave; mẫu xe cao cấp nhất t&iacute;nh đến thời điểm hiện tại của Lynk &amp; Co ra mắt người d&ugrave;ng Việt. Mẫu xe được định vị tại&nbsp;<strong>ph&acirc;n kh&uacute;c SUV hạng E với 7 chỗ ngồi</strong>.</p>\r\n\r\n<p>Xe sở hữu thiết kế kh&aacute; ấn tượng, nhiều trang bị tiện nghi hiện đại v&agrave; c&ocirc;ng nghệ an to&agrave;n cao cấp l&agrave; những điểm s&aacute;ng nổi trội của mẫu xe trong lần xuất hiện ch&iacute;nh thức n&agrave;y.</p>\r\n', 0, 100, '1657438578_vn-ref-rb4000-387691-rb30n4190bu-sv-518038749.jpg', 5040910000, 15, 31, '2024-01-04 21:19:19');
INSERT INTO `products` VALUES (59, 'VinFast Fadil', '<h2>Mẫu xe cỡ A, được ph&aacute;t triển tr&ecirc;n nền tảng mẫu Opel Karl Rock với m&aacute;y 1.4, hộp số CVT v&agrave; nhiều trang bị an to&agrave;n. Với gi&aacute; b&aacute;n v&agrave; trang bị hợp l&yacute; Fadil nhanh ch&oacute;ng &aacute;p đảo trong ph&acirc;n kh&uacute;c xe cỡ A.</h2>\r\n', '<h2><strong>M&ocirc; tả / đ&aacute;nh gi&aacute; chi tiết</strong></h2>\r\n\r\n<p><strong>Một số th&ocirc;ng số kỹ thuật về động cơ, hệ thống treo, phanh:</strong></p>\r\n\r\n<table border=\"1\" cellpadding=\"1\" cellspacing=\"1\">\r\n	<tbody>\r\n		<tr>\r\n			<td><strong>Th&ocirc;ng số kỹ thuật</strong></td>\r\n			<td><strong>Ti&ecirc;u chuẩn</strong></td>\r\n			<td><strong>N&acirc;ng cao</strong></td>\r\n			<td><strong>Cao cấp</strong></td>\r\n		</tr>\r\n		<tr>\r\n			<td>Động cơ</td>\r\n			<td colspan=\"3\">1.4l, Xăng, 4 xi lanh thẳng h&agrave;ng</td>\r\n		</tr>\r\n		<tr>\r\n			<td>C&ocirc;ng suất</td>\r\n			<td colspan=\"3\">98 m&atilde; lực tại 6200 v&ograve;ng/ph&uacute;t</td>\r\n		</tr>\r\n		<tr>\r\n			<td>M&ocirc;-men xoắn</td>\r\n			<td colspan=\"3\">128Nm tại 4400 v&ograve;ng/ph&uacute;t</td>\r\n		</tr>\r\n		<tr>\r\n			<td>Hộp số</td>\r\n			<td colspan=\"3\">Tự động v&ocirc; cấp - CVT</td>\r\n		</tr>\r\n		<tr>\r\n			<td>Hệ dẫn động</td>\r\n			<td colspan=\"3\">Cầu trước - FWD</td>\r\n		</tr>\r\n		<tr>\r\n			<td>Mức ti&ecirc;u thụ nhi&ecirc;n liệu</td>\r\n			<td colspan=\"3\">5.85l/100 km tr&ecirc;n đường hỗn hợp</td>\r\n		</tr>\r\n		<tr>\r\n			<td>Lốp, la-zăng</td>\r\n			<td>M&agrave; đ&uacute;c hợp kim nh&ocirc;m 15&quot;</td>\r\n			<td colspan=\"2\">M&agrave;n đ&uacute;c hợp kim nh&ocirc;m 2 m&agrave;u đen/x&aacute;m 15&quot;</td>\r\n		</tr>\r\n		<tr>\r\n			<td>Treo trước</td>\r\n			<td colspan=\"3\">Kiểu MacPherson</td>\r\n		</tr>\r\n		<tr>\r\n			<td>Treo sau</td>\r\n			<td colspan=\"3\">Phụ thuộc, kiểu dầm xoắn</td>\r\n		</tr>\r\n		<tr>\r\n			<td>Phanh trước</td>\r\n			<td colspan=\"3\">Đĩa</td>\r\n		</tr>\r\n		<tr>\r\n			<td>Phanh sau</td>\r\n			<td colspan=\"3\">Tang trống</td>\r\n		</tr>\r\n		<tr>\r\n			<td>Trợ lực v&ocirc;-lăng</td>\r\n			<td colspan=\"3\">Trợ lực điện</td>\r\n		</tr>\r\n	</tbody>\r\n</table>\r\n', 0, 100, '1657438767_vn-bottom-mount-freezer-rb30n4010s8-rb30n4010s8-sv-frontsilver-115806204.jpg', 5350890000, 22, 10, '2023-12-18 21:19:19');
INSERT INTO `products` VALUES (60, 'KIA Seltos', '<h2>KIA&nbsp;Seltos l&agrave; một mẫu SUV hạng B gi&aacute; rẻ của h&atilde;ng KIA (H&agrave;n Quốc) cạnh tranh trực tiếp với Toyota Corolla Cross. Seltos c&oacute; gi&aacute; b&aacute;n dễ tiếp cận hơn từ 629 &ndash; 717 triệu đồng. Trong th&aacute;ng 12-2021, mẫu xe H&agrave;n sẽ c&oacute; lợi thế khi được giảm 50% ph&iacute; trước bạ.</h2>\r\n', '<p>Hiện tại, KIA Seltos được lắp r&aacute;p trong nước với 4 phi&ecirc;n bản cho 2 t&ugrave;y chọn động cơ. Bản động cơ Turbo 1.4L c&ocirc;ng suất 138 m&atilde; lực, momen xoắn 242 Nm, kết hợp hộp số tự động ly hợp k&eacute;p 7 cấp. Bản động cơ 1.6L c&ocirc;ng suất 128 m&atilde; lực, momen xoắn 157 Nm, kết hợp hộp số tự động 6 cấp.</p>\r\n\r\n<p>Trong ph&acirc;n kh&uacute;c SUV gi&aacute; rẻ, KIA Seltos được kh&aacute;ch h&agrave;ng đ&aacute;nh gi&aacute; cao với mức gi&aacute; b&aacute;n hấp dẫn, ngoại thất trẻ trung, thiết kế nội thất bắt mắt, rộng r&atilde;i, được trang bị nhiều tiện nghi hiện đại như: M&agrave;n h&igrave;nh cảm ứng trung t&acirc;m 10.25 inch, cửa sổ trời, đ&egrave;n nội thất 8 m&agrave;u,&hellip; Gi&aacute; b&aacute;n của mẫu SUV n&agrave;y với 4 phi&ecirc;n bản như sau:</p>\r\n', 0, 100, '1657441599_vn-microwave-oven-grill-mg30t5018ck-mg30t5018ck-sv-frontblack-224903476.jpg', 1631700000, 36, 5, '2024-01-04 21:19:19');
INSERT INTO `products` VALUES (61, 'Toyota Corolla Cross', '<h2><span style=\"font-size:16px\"><strong>T</strong></span>oyota Corolla Cross l&agrave; một mẫu SUV hạng B gi&aacute; rẻ của Toyota, được nhập khẩu từ Th&aacute;i Lan với 3 phi&ecirc;n bản: 1.8G, 1.8V v&agrave; 1.8HV. Corolla Cross c&oacute; 2 t&ugrave;y chọn động cơ cho 3 phi&ecirc;n bản n&agrave;y đ&oacute; l&agrave;: Động cơ xăng 1.8L 138 m&atilde; lực, m&ocirc; men xoắn 172 Nm v&agrave; động cơ Hybrid gồm động cơ xăng 1.8L kết hợp với m&ocirc; tơ điện cho tổng c&ocirc;ng suất 150 m&atilde; lực, m&ocirc; men xoắn 305 Nm. C&ugrave;ng với 2 động cơ n&agrave;y l&agrave; hộp số tự động v&ocirc; cấp CVT.</h2>\r\n', '<h3>T&iacute;nh trong th&aacute;ng 11-2021, doanh số b&aacute;n ra của Toyota Corolla Cross đạt 3346 xe, tăng gần 1000 xe so với th&aacute;ng 10-2021. Đặc biệt l&agrave; ẵm ng&ocirc;i vua doanh số b&aacute;n chạy nhất thị trường trong th&aacute;ng 11-2021. Đặc biệt, Toyota Corolla Cross c&ograve;n cho thấy sự bứt ph&aacute; ngoạn mục về doanh số trong thời gian gần đ&acirc;y, vượt qua cả KIA Seltos về doanh số b&aacute;n cộng dồn từ đầu năm.</h3>\r\n', 0, 100, '1657442315_vn-canister-vcc8836v36-vcc8836v36-xsv-frontblue-216144557.jpg', 1105840000, 7, 1, '2023-12-18 21:19:19');
INSERT INTO `products` VALUES (62, 'Haima 7X', '<h2>Haima l&agrave; thương hiệu &ocirc; t&ocirc; Trung Quốc từng x&acirc;m nhập thị trường Việt Nam c&aacute;ch đ&acirc;y hơn 10 năm trong cuộc độ bộ cũng nhiều &ldquo;đồng hương&rdquo; kh&aacute;c như MG, Chery. Tuy nhi&ecirc;n, chung số phận, Haima v&agrave; c&aacute;c h&atilde;ng xe Trung Quốc đều nhận thất bại ở Việt Nam do vướng phải định kiến.</h2>\r\n', '<p>Đến giờ, loạt thương hiệu n&agrave;y quyết định một lần nữa quay trở lại để thuyết phục người d&ugrave;ng Việt. Trong đ&oacute;,&nbsp;<strong>Haima 7X &ldquo;nổ ph&aacute;t s&uacute;ng&rdquo; đầu ti&ecirc;n của Haima với tham vọng đ&aacute;nh chiếm ph&acirc;n kh&uacute;c MPV 7 chỗ cỡ nhỏ, gi&aacute; rẻ.</strong></p>\r\n\r\n<p>Con đường ph&iacute;a trước của Haima 7X 2024 l&agrave; rất kh&oacute; khăn khi c&aacute;c đối thủ sừng sỏ c&ograve;n chờ như Mitsubishi Xpander,&nbsp;<a href=\"https://xetot.com/tin-xe/danh-gia-xe-toyota-veloz/\" title=\"Giá xe Toyota Veloz Cross 2024\">Toyota Veloz Cross</a>, Avanza Premio, Suzuki XL7, Ertiga.</p>\r\n', 0, 100, '1657444215_z3556173778725_54874919c0fa71041f7b233ae6ae4b71.jpg', 9634100000, 21, 2, '2024-01-04 21:19:19');

-- ----------------------------
-- Table structure for rating
-- ----------------------------
DROP TABLE IF EXISTS `rating`;
CREATE TABLE `rating`  (
  `id` int NOT NULL AUTO_INCREMENT,
  `product_id` int NOT NULL,
  `star` int NOT NULL,
  PRIMARY KEY (`id`) USING BTREE
) ENGINE = InnoDB AUTO_INCREMENT = 32 CHARACTER SET = utf8 COLLATE = utf8_general_ci ROW_FORMAT = Dynamic;

-- ----------------------------
-- Records of rating
-- ----------------------------
INSERT INTO `rating` VALUES (24, 11, 4);
INSERT INTO `rating` VALUES (25, 11, 3);
INSERT INTO `rating` VALUES (26, 11, 5);
INSERT INTO `rating` VALUES (27, 11, 5);
INSERT INTO `rating` VALUES (28, 11, 5);
INSERT INTO `rating` VALUES (29, 32, 5);
INSERT INTO `rating` VALUES (30, 21, 5);
INSERT INTO `rating` VALUES (31, 30, 3);

-- ----------------------------
-- Table structure for users
-- ----------------------------
DROP TABLE IF EXISTS `users`;
CREATE TABLE `users`  (
  `id` int NOT NULL AUTO_INCREMENT,
  `name` varchar(500) CHARACTER SET utf8mb4 COLLATE utf8mb4_general_ci NOT NULL,
  `email` varchar(500) CHARACTER SET utf8mb4 COLLATE utf8mb4_general_ci NOT NULL,
  `password` varchar(500) CHARACTER SET utf8mb4 COLLATE utf8mb4_general_ci NOT NULL,
  PRIMARY KEY (`id`) USING BTREE
) ENGINE = InnoDB AUTO_INCREMENT = 12 CHARACTER SET = utf8mb4 COLLATE = utf8mb4_general_ci ROW_FORMAT = Dynamic;

-- ----------------------------
-- Records of users
-- ----------------------------
INSERT INTO `users` VALUES (10, 'admin', 'admin@gmail.com', '25f9e794323b453885f5181f1b624d0b');

SET FOREIGN_KEY_CHECKS = 1;
